Date,close
2010-01-04 00:00:00+09:00,10654.7900390625
2010-01-05 00:00:00+09:00,10681.830078125
2010-01-06 00:00:00+09:00,10731.4501953125
2010-01-07 00:00:00+09:00,10681.66015625
2010-01-08 00:00:00+09:00,10798.3203125
2010-01-12 00:00:00+09:00,10879.1396484375
2010-01-13 00:00:00+09:00,10735.0302734375
2010-01-14 00:00:00+09:00,10907.6796875
2010-01-15 00:00:00+09:00,10982.099609375
2010-01-18 00:00:00+09:00,10855.080078125
2010-01-19 00:00:00+09:00,10764.900390625
2010-01-20 00:00:00+09:00,10737.51953125
2010-01-21 00:00:00+09:00,10868.41015625
2010-01-22 00:00:00+09:00,10590.5498046875
2010-01-25 00:00:00+09:00,10512.6904296875
2010-01-26 00:00:00+09:00,10325.2802734375
2010-01-27 00:00:00+09:00,10252.080078125
2010-01-28 00:00:00+09:00,10414.2900390625
2010-01-29 00:00:00+09:00,10198.0400390625
2010-02-01 00:00:00+09:00,10205.01953125
2010-02-02 00:00:00+09:00,10371.08984375
2010-02-03 00:00:00+09:00,10404.330078125
2010-02-04 00:00:00+09:00,10355.98046875
2010-02-05 00:00:00+09:00,10057.08984375
2010-02-08 00:00:00+09:00,9951.8203125
2010-02-09 00:00:00+09:00,9932.900390625
2010-02-10 00:00:00+09:00,9963.990234375
2010-02-12 00:00:00+09:00,10092.1904296875
2010-02-15 00:00:00+09:00,10013.2998046875
2010-02-16 00:00:00+09:00,10034.25
2010-02-17 00:00:00+09:00,10306.830078125
2010-02-18 00:00:00+09:00,10335.6904296875
2010-02-19 00:00:00+09:00,10123.580078125
2010-02-22 00:00:00+09:00,10400.4697265625
2010-02-23 00:00:00+09:00,10352.099609375
2010-02-24 00:00:00+09:00,10198.830078125
2010-02-25 00:00:00+09:00,10101.9599609375
2010-02-26 00:00:00+09:00,10126.0302734375
2010-03-01 00:00:00+09:00,10172.0595703125
2010-03-02 00:00:00+09:00,10221.83984375
2010-03-03 00:00:00+09:00,10253.1396484375
2010-03-04 00:00:00+09:00,10145.7197265625
2010-03-05 00:00:00+09:00,10368.9599609375
2010-03-08 00:00:00+09:00,10585.919921875
2010-03-09 00:00:00+09:00,10567.650390625
2010-03-10 00:00:00+09:00,10563.919921875
2010-03-11 00:00:00+09:00,10664.9501953125
2010-03-12 00:00:00+09:00,10751.259765625
2010-03-15 00:00:00+09:00,10751.98046875
2010-03-16 00:00:00+09:00,10721.7099609375
2010-03-17 00:00:00+09:00,10846.98046875
2010-03-18 00:00:00+09:00,10744.0302734375
2010-03-19 00:00:00+09:00,10824.7197265625
2010-03-23 00:00:00+09:00,10774.150390625
2010-03-24 00:00:00+09:00,10815.0302734375
2010-03-25 00:00:00+09:00,10828.849609375
2010-03-26 00:00:00+09:00,10996.3701171875
2010-03-29 00:00:00+09:00,10986.4697265625
2010-03-30 00:00:00+09:00,11097.1396484375
2010-03-31 00:00:00+09:00,11089.9404296875
2010-04-01 00:00:00+09:00,11244.400390625
2010-04-02 00:00:00+09:00,11286.08984375
2010-04-05 00:00:00+09:00,11339.2998046875
2010-04-06 00:00:00+09:00,11282.3203125
2010-04-07 00:00:00+09:00,11292.830078125
2010-04-08 00:00:00+09:00,11168.2001953125
2010-04-09 00:00:00+09:00,11204.33984375
2010-04-12 00:00:00+09:00,11251.900390625
2010-04-13 00:00:00+09:00,11161.23046875
2010-04-14 00:00:00+09:00,11204.900390625
2010-04-15 00:00:00+09:00,11273.7900390625
2010-04-16 00:00:00+09:00,11102.1796875
2010-04-19 00:00:00+09:00,10908.76953125
2010-04-20 00:00:00+09:00,10900.6796875
2010-04-21 00:00:00+09:00,11090.0498046875
2010-04-22 00:00:00+09:00,10949.08984375
2010-04-23 00:00:00+09:00,10914.4599609375
2010-04-26 00:00:00+09:00,11165.7900390625
2010-04-27 00:00:00+09:00,11212.66015625
2010-04-28 00:00:00+09:00,10924.7900390625
2010-04-30 00:00:00+09:00,11057.400390625
2010-05-06 00:00:00+09:00,10695.6904296875
2010-05-07 00:00:00+09:00,10364.58984375
2010-05-10 00:00:00+09:00,10530.7001953125
2010-05-11 00:00:00+09:00,10411.099609375
2010-05-12 00:00:00+09:00,10394.0302734375
2010-05-13 00:00:00+09:00,10620.5498046875
2010-05-14 00:00:00+09:00,10462.509765625
2010-05-17 00:00:00+09:00,10235.759765625
2010-05-18 00:00:00+09:00,10242.6396484375
2010-05-19 00:00:00+09:00,10186.83984375
2010-05-20 00:00:00+09:00,10030.3095703125
2010-05-21 00:00:00+09:00,9784.5400390625
2010-05-24 00:00:00+09:00,9758.400390625
2010-05-25 00:00:00+09:00,9459.8896484375
2010-05-26 00:00:00+09:00,9522.66015625
2010-05-27 00:00:00+09:00,9639.7197265625
2010-05-28 00:00:00+09:00,9762.98046875
2010-05-31 00:00:00+09:00,9768.7001953125
2010-06-01 00:00:00+09:00,9711.830078125
2010-06-02 00:00:00+09:00,9603.240234375
2010-06-03 00:00:00+09:00,9914.1904296875
2010-06-04 00:00:00+09:00,9901.1904296875
2010-06-07 00:00:00+09:00,9520.7998046875
2010-06-08 00:00:00+09:00,9537.9404296875
2010-06-09 00:00:00+09:00,9439.1298828125
2010-06-10 00:00:00+09:00,9542.650390625
2010-06-11 00:00:00+09:00,9705.25
2010-06-14 00:00:00+09:00,9879.849609375
2010-06-15 00:00:00+09:00,9887.8896484375
2010-06-16 00:00:00+09:00,10067.150390625
2010-06-17 00:00:00+09:00,9999.400390625
2010-06-18 00:00:00+09:00,9995.01953125
2010-06-21 00:00:00+09:00,10238.009765625
2010-06-22 00:00:00+09:00,10112.8896484375
2010-06-23 00:00:00+09:00,9923.7001953125
2010-06-24 00:00:00+09:00,9928.33984375
2010-06-25 00:00:00+09:00,9737.48046875
2010-06-28 00:00:00+09:00,9693.9404296875
2010-06-29 00:00:00+09:00,9570.669921875
2010-06-30 00:00:00+09:00,9382.6396484375
2010-07-01 00:00:00+09:00,9191.599609375
2010-07-02 00:00:00+09:00,9203.7099609375
2010-07-05 00:00:00+09:00,9266.7802734375
2010-07-06 00:00:00+09:00,9338.0400390625
2010-07-07 00:00:00+09:00,9279.650390625
2010-07-08 00:00:00+09:00,9535.740234375
2010-07-09 00:00:00+09:00,9585.3203125
2010-07-12 00:00:00+09:00,9548.1103515625
2010-07-13 00:00:00+09:00,9537.23046875
2010-07-14 00:00:00+09:00,9795.240234375
2010-07-15 00:00:00+09:00,9685.5302734375
2010-07-16 00:00:00+09:00,9408.3603515625
2010-07-21 00:00:00+09:00,9278.830078125
2010-07-22 00:00:00+09:00,9220.8798828125
2010-07-23 00:00:00+09:00,9430.9599609375
2010-07-26 00:00:00+09:00,9503.66015625
2010-07-27 00:00:00+09:00,9496.849609375
2010-07-28 00:00:00+09:00,9753.26953125
2010-07-29 00:00:00+09:00,9696.01953125
2010-07-30 00:00:00+09:00,9537.2998046875
2010-08-02 00:00:00+09:00,9570.3095703125
2010-08-03 00:00:00+09:00,9694.009765625
2010-08-04 00:00:00+09:00,9489.33984375
2010-08-05 00:00:00+09:00,9653.919921875
2010-08-06 00:00:00+09:00,9642.1201171875
2010-08-09 00:00:00+09:00,9572.490234375
2010-08-10 00:00:00+09:00,9551.0498046875
2010-08-11 00:00:00+09:00,9292.849609375
2010-08-12 00:00:00+09:00,9212.58984375
2010-08-13 00:00:00+09:00,9253.4599609375
2010-08-16 00:00:00+09:00,9196.669921875
2010-08-17 00:00:00+09:00,9161.6796875
2010-08-18 00:00:00+09:00,9240.5400390625
2010-08-19 00:00:00+09:00,9362.6796875
2010-08-20 00:00:00+09:00,9179.3798828125
2010-08-23 00:00:00+09:00,9116.6904296875
2010-08-24 00:00:00+09:00,8995.1396484375
2010-08-25 00:00:00+09:00,8845.3896484375
2010-08-26 00:00:00+09:00,8906.48046875
2010-08-27 00:00:00+09:00,8991.0595703125
2010-08-30 00:00:00+09:00,9149.259765625
2010-08-31 00:00:00+09:00,8824.0595703125
2010-09-01 00:00:00+09:00,8927.01953125
2010-09-02 00:00:00+09:00,9062.83984375
2010-09-03 00:00:00+09:00,9114.1298828125
2010-09-06 00:00:00+09:00,9301.3203125
2010-09-07 00:00:00+09:00,9226.0
2010-09-08 00:00:00+09:00,9024.599609375
2010-09-09 00:00:00+09:00,9098.3896484375
2010-09-10 00:00:00+09:00,9239.169921875
2010-09-13 00:00:00+09:00,9321.8203125
2010-09-14 00:00:00+09:00,9299.3095703125
2010-09-16 00:00:00+09:00,9509.5
2010-09-17 00:00:00+09:00,9626.08984375
2010-09-21 00:00:00+09:00,9602.1103515625
2010-09-22 00:00:00+09:00,9566.3203125
2010-09-24 00:00:00+09:00,9471.669921875
2010-09-27 00:00:00+09:00,9603.1396484375
2010-09-28 00:00:00+09:00,9495.759765625
2010-09-29 00:00:00+09:00,9559.3798828125
2010-09-30 00:00:00+09:00,9369.349609375
2010-10-01 00:00:00+09:00,9404.23046875
2010-10-04 00:00:00+09:00,9381.0595703125
2010-10-05 00:00:00+09:00,9518.759765625
2010-10-06 00:00:00+09:00,9691.4296875
2010-10-07 00:00:00+09:00,9684.8095703125
2010-10-08 00:00:00+09:00,9588.8798828125
2010-10-12 00:00:00+09:00,9388.6396484375
2010-10-13 00:00:00+09:00,9403.509765625
2010-10-14 00:00:00+09:00,9583.509765625
2010-10-15 00:00:00+09:00,9500.25
2010-10-18 00:00:00+09:00,9498.490234375
2010-10-19 00:00:00+09:00,9539.4501953125
2010-10-20 00:00:00+09:00,9381.599609375
2010-10-21 00:00:00+09:00,9376.48046875
2010-10-22 00:00:00+09:00,9426.7099609375
2010-10-25 00:00:00+09:00,9401.16015625
2010-10-26 00:00:00+09:00,9377.3798828125
2010-10-27 00:00:00+09:00,9387.0302734375
2010-10-28 00:00:00+09:00,9366.0302734375
2010-10-29 00:00:00+09:00,9202.4501953125
2010-11-01 00:00:00+09:00,9154.7197265625
2010-11-02 00:00:00+09:00,9159.98046875
2010-11-04 00:00:00+09:00,9358.7802734375
2010-11-05 00:00:00+09:00,9625.990234375
2010-11-08 00:00:00+09:00,9732.919921875
2010-11-09 00:00:00+09:00,9694.490234375
2010-11-10 00:00:00+09:00,9830.51953125
2010-11-11 00:00:00+09:00,9861.4599609375
2010-11-12 00:00:00+09:00,9724.8095703125
2010-11-15 00:00:00+09:00,9827.509765625
2010-11-16 00:00:00+09:00,9797.099609375
2010-11-17 00:00:00+09:00,9811.66015625
2010-11-18 00:00:00+09:00,10013.6298828125
2010-11-19 00:00:00+09:00,10022.3896484375
2010-11-22 00:00:00+09:00,10115.1904296875
2010-11-24 00:00:00+09:00,10030.1103515625
2010-11-25 00:00:00+09:00,10079.759765625
2010-11-26 00:00:00+09:00,10039.5595703125
2010-11-29 00:00:00+09:00,10125.990234375
2010-11-30 00:00:00+09:00,9937.0400390625
2010-12-01 00:00:00+09:00,9988.0498046875
2010-12-02 00:00:00+09:00,10168.51953125
2010-12-03 00:00:00+09:00,10178.3203125
2010-12-06 00:00:00+09:00,10167.23046875
2010-12-07 00:00:00+09:00,10141.099609375
2010-12-08 00:00:00+09:00,10232.330078125
2010-12-09 00:00:00+09:00,10285.8798828125
2010-12-10 00:00:00+09:00,10211.9501953125
2010-12-13 00:00:00+09:00,10293.8896484375
2010-12-14 00:00:00+09:00,10316.76953125
2010-12-15 00:00:00+09:00,10309.7802734375
2010-12-16 00:00:00+09:00,10311.2900390625
2010-12-17 00:00:00+09:00,10303.830078125
2010-12-20 00:00:00+09:00,10216.41015625
2010-12-21 00:00:00+09:00,10370.5302734375
2010-12-22 00:00:00+09:00,10346.48046875
2010-12-24 00:00:00+09:00,10279.1904296875
2010-12-27 00:00:00+09:00,10355.990234375
2010-12-28 00:00:00+09:00,10292.6298828125
2010-12-29 00:00:00+09:00,10344.5400390625
2010-12-30 00:00:00+09:00,10228.919921875
2011-01-04 00:00:00+09:00,10398.099609375
2011-01-05 00:00:00+09:00,10380.76953125
2011-01-06 00:00:00+09:00,10529.759765625
2011-01-07 00:00:00+09:00,10541.0400390625
2011-01-11 00:00:00+09:00,10510.6796875
2011-01-12 00:00:00+09:00,10512.7998046875
2011-01-13 00:00:00+09:00,10589.759765625
2011-01-14 00:00:00+09:00,10499.0400390625
2011-01-17 00:00:00+09:00,10502.8603515625
2011-01-18 00:00:00+09:00,10518.98046875
2011-01-19 00:00:00+09:00,10557.099609375
2011-01-20 00:00:00+09:00,10437.3095703125
2011-01-21 00:00:00+09:00,10274.51953125
2011-01-24 00:00:00+09:00,10345.1103515625
2011-01-25 00:00:00+09:00,10464.419921875
2011-01-26 00:00:00+09:00,10401.900390625
2011-01-27 00:00:00+09:00,10478.66015625
2011-01-28 00:00:00+09:00,10360.33984375
2011-01-31 00:00:00+09:00,10237.919921875
2011-02-01 00:00:00+09:00,10274.5
2011-02-02 00:00:00+09:00,10457.3603515625
2011-02-03 00:00:00+09:00,10431.3603515625
2011-02-04 00:00:00+09:00,10543.51953125
2011-02-07 00:00:00+09:00,10592.0400390625
2011-02-08 00:00:00+09:00,10635.98046875
2011-02-09 00:00:00+09:00,10617.830078125
2011-02-10 00:00:00+09:00,10605.650390625
2011-02-14 00:00:00+09:00,10725.5400390625
2011-02-15 00:00:00+09:00,10746.669921875
2011-02-16 00:00:00+09:00,10808.2900390625
2011-02-17 00:00:00+09:00,10836.6396484375
2011-02-18 00:00:00+09:00,10842.7998046875
2011-02-21 00:00:00+09:00,10857.5302734375
2011-02-22 00:00:00+09:00,10664.7001953125
2011-02-23 00:00:00+09:00,10579.099609375
2011-02-24 00:00:00+09:00,10452.7099609375
2011-02-25 00:00:00+09:00,10526.759765625
2011-02-28 00:00:00+09:00,10624.08984375
2011-03-01 00:00:00+09:00,10754.0302734375
2011-03-02 00:00:00+09:00,10492.3798828125
2011-03-03 00:00:00+09:00,10586.01953125
2011-03-04 00:00:00+09:00,10693.66015625
2011-03-07 00:00:00+09:00,10505.01953125
2011-03-08 00:00:00+09:00,10525.1904296875
2011-03-09 00:00:00+09:00,10589.5
2011-03-10 00:00:00+09:00,10434.3798828125
2011-03-11 00:00:00+09:00,10254.4296875
2011-03-14 00:00:00+09:00,9620.490234375
2011-03-15 00:00:00+09:00,8605.150390625
2011-03-16 00:00:00+09:00,9093.7197265625
2011-03-17 00:00:00+09:00,8962.669921875
2011-03-18 00:00:00+09:00,9206.75
2011-03-22 00:00:00+09:00,9608.3203125
2011-03-23 00:00:00+09:00,9449.4697265625
2011-03-24 00:00:00+09:00,9435.009765625
2011-03-25 00:00:00+09:00,9536.1298828125
2011-03-28 00:00:00+09:00,9478.5302734375
2011-03-29 00:00:00+09:00,9459.080078125
2011-03-30 00:00:00+09:00,9708.7900390625
2011-03-31 00:00:00+09:00,9755.099609375
2011-04-01 00:00:00+09:00,9708.3896484375
2011-04-04 00:00:00+09:00,9718.8896484375
2011-04-05 00:00:00+09:00,9615.5498046875
2011-04-06 00:00:00+09:00,9584.3701171875
2011-04-07 00:00:00+09:00,9590.9296875
2011-04-08 00:00:00+09:00,9768.080078125
2011-04-11 00:00:00+09:00,9719.7001953125
2011-04-12 00:00:00+09:00,9555.259765625
2011-04-13 00:00:00+09:00,9641.1796875
2011-04-14 00:00:00+09:00,9653.919921875
2011-04-15 00:00:00+09:00,9591.51953125
2011-04-18 00:00:00+09:00,9556.650390625
2011-04-19 00:00:00+09:00,9441.0302734375
2011-04-20 00:00:00+09:00,9606.8203125
2011-04-21 00:00:00+09:00,9685.76953125
2011-04-22 00:00:00+09:00,9682.2099609375
2011-04-25 00:00:00+09:00,9671.9599609375
2011-04-26 00:00:00+09:00,9558.6904296875
2011-04-27 00:00:00+09:00,9691.83984375
2011-04-28 00:00:00+09:00,9849.740234375
2011-05-02 00:00:00+09:00,10004.2001953125
2011-05-06 00:00:00+09:00,9859.2001953125
2011-05-09 00:00:00+09:00,9794.3798828125
2011-05-10 00:00:00+09:00,9818.759765625
2011-05-11 00:00:00+09:00,9864.259765625
2011-05-12 00:00:00+09:00,9716.650390625
2011-05-13 00:00:00+09:00,9648.76953125
2011-05-16 00:00:00+09:00,9558.2998046875
2011-05-17 00:00:00+09:00,9567.01953125
2011-05-18 00:00:00+09:00,9662.080078125
2011-05-19 00:00:00+09:00,9620.8203125
2011-05-20 00:00:00+09:00,9607.080078125
2011-05-23 00:00:00+09:00,9460.6298828125
2011-05-24 00:00:00+09:00,9477.169921875
2011-05-25 00:00:00+09:00,9422.8798828125
2011-05-26 00:00:00+09:00,9562.0498046875
2011-05-27 00:00:00+09:00,9521.9404296875
2011-05-30 00:00:00+09:00,9504.9697265625
2011-05-31 00:00:00+09:00,9693.73046875
2011-06-01 00:00:00+09:00,9719.6103515625
2011-06-02 00:00:00+09:00,9555.0400390625
2011-06-03 00:00:00+09:00,9492.2099609375
2011-06-06 00:00:00+09:00,9380.349609375
2011-06-07 00:00:00+09:00,9442.9501953125
2011-06-08 00:00:00+09:00,9449.4599609375
2011-06-09 00:00:00+09:00,9467.150390625
2011-06-10 00:00:00+09:00,9514.4404296875
2011-06-13 00:00:00+09:00,9448.2099609375
2011-06-14 00:00:00+09:00,9547.7900390625
2011-06-15 00:00:00+09:00,9574.3203125
2011-06-16 00:00:00+09:00,9411.2802734375
2011-06-17 00:00:00+09:00,9351.400390625
2011-06-20 00:00:00+09:00,9354.3203125
2011-06-21 00:00:00+09:00,9459.66015625
2011-06-22 00:00:00+09:00,9629.4296875
2011-06-23 00:00:00+09:00,9596.740234375
2011-06-24 00:00:00+09:00,9678.7099609375
2011-06-27 00:00:00+09:00,9578.3095703125
2011-06-28 00:00:00+09:00,9648.98046875
2011-06-29 00:00:00+09:00,9797.259765625
2011-06-30 00:00:00+09:00,9816.08984375
2011-07-01 00:00:00+09:00,9868.0703125
2011-07-04 00:00:00+09:00,9965.08984375
2011-07-05 00:00:00+09:00,9972.4599609375
2011-07-06 00:00:00+09:00,10082.48046875
2011-07-07 00:00:00+09:00,10071.1396484375
2011-07-08 00:00:00+09:00,10137.73046875
2011-07-11 00:00:00+09:00,10069.5302734375
2011-07-12 00:00:00+09:00,9925.919921875
2011-07-13 00:00:00+09:00,9963.1396484375
2011-07-14 00:00:00+09:00,9936.1201171875
2011-07-15 00:00:00+09:00,9974.4697265625
2011-07-19 00:00:00+09:00,9889.7197265625
2011-07-20 00:00:00+09:00,10005.900390625
2011-07-21 00:00:00+09:00,10010.3896484375
2011-07-22 00:00:00+09:00,10132.1103515625
2011-07-25 00:00:00+09:00,10050.009765625
2011-07-26 00:00:00+09:00,10097.7197265625
2011-07-27 00:00:00+09:00,10047.1904296875
2011-07-28 00:00:00+09:00,9901.349609375
2011-07-29 00:00:00+09:00,9833.0302734375
2011-08-01 00:00:00+09:00,9965.009765625
2011-08-02 00:00:00+09:00,9844.58984375
2011-08-03 00:00:00+09:00,9637.1396484375
2011-08-04 00:00:00+09:00,9659.1796875
2011-08-05 00:00:00+09:00,9299.8798828125
2011-08-08 00:00:00+09:00,9097.5595703125
2011-08-09 00:00:00+09:00,8944.48046875
2011-08-10 00:00:00+09:00,9038.740234375
2011-08-11 00:00:00+09:00,8981.9404296875
2011-08-12 00:00:00+09:00,8963.7197265625
2011-08-15 00:00:00+09:00,9086.41015625
2011-08-16 00:00:00+09:00,9107.4296875
2011-08-17 00:00:00+09:00,9057.259765625
2011-08-18 00:00:00+09:00,8943.759765625
2011-08-19 00:00:00+09:00,8719.240234375
2011-08-22 00:00:00+09:00,8628.1298828125
2011-08-23 00:00:00+09:00,8733.009765625
2011-08-24 00:00:00+09:00,8639.6103515625
2011-08-25 00:00:00+09:00,8772.3603515625
2011-08-26 00:00:00+09:00,8797.7802734375
2011-08-29 00:00:00+09:00,8851.349609375
2011-08-30 00:00:00+09:00,8953.900390625
2011-08-31 00:00:00+09:00,8955.2001953125
2011-09-01 00:00:00+09:00,9060.7998046875
2011-09-02 00:00:00+09:00,8950.740234375
2011-09-05 00:00:00+09:00,8784.4599609375
2011-09-06 00:00:00+09:00,8590.5703125
2011-09-07 00:00:00+09:00,8763.41015625
2011-09-08 00:00:00+09:00,8793.1201171875
2011-09-09 00:00:00+09:00,8737.66015625
2011-09-12 00:00:00+09:00,8535.669921875
2011-09-13 00:00:00+09:00,8616.5498046875
2011-09-14 00:00:00+09:00,8518.5703125
2011-09-15 00:00:00+09:00,8668.8603515625
2011-09-16 00:00:00+09:00,8864.16015625
2011-09-20 00:00:00+09:00,8721.240234375
2011-09-21 00:00:00+09:00,8741.16015625
2011-09-22 00:00:00+09:00,8560.259765625
2011-09-26 00:00:00+09:00,8374.1298828125
2011-09-27 00:00:00+09:00,8609.9501953125
2011-09-28 00:00:00+09:00,8615.650390625
2011-09-29 00:00:00+09:00,8701.23046875
2011-09-30 00:00:00+09:00,8700.2900390625
2011-10-03 00:00:00+09:00,8545.48046875
2011-10-04 00:00:00+09:00,8456.1201171875
2011-10-05 00:00:00+09:00,8382.98046875
2011-10-06 00:00:00+09:00,8522.01953125
2011-10-07 00:00:00+09:00,8605.6201171875
2011-10-11 00:00:00+09:00,8773.6796875
2011-10-12 00:00:00+09:00,8738.900390625
2011-10-13 00:00:00+09:00,8823.25
2011-10-14 00:00:00+09:00,8747.9599609375
2011-10-17 00:00:00+09:00,8879.599609375
2011-10-18 00:00:00+09:00,8741.91015625
2011-10-19 00:00:00+09:00,8772.5400390625
2011-10-20 00:00:00+09:00,8682.150390625
2011-10-21 00:00:00+09:00,8678.8896484375
2011-10-24 00:00:00+09:00,8843.98046875
2011-10-25 00:00:00+09:00,8762.3095703125
2011-10-26 00:00:00+09:00,8748.4697265625
2011-10-27 00:00:00+09:00,8926.5400390625
2011-10-28 00:00:00+09:00,9050.4697265625
2011-10-31 00:00:00+09:00,8988.3896484375
2011-11-01 00:00:00+09:00,8835.51953125
2011-11-02 00:00:00+09:00,8640.419921875
2011-11-04 00:00:00+09:00,8801.400390625
2011-11-07 00:00:00+09:00,8767.08984375
2011-11-08 00:00:00+09:00,8655.509765625
2011-11-09 00:00:00+09:00,8755.4404296875
2011-11-10 00:00:00+09:00,8500.7998046875
2011-11-11 00:00:00+09:00,8514.4697265625
2011-11-14 00:00:00+09:00,8603.7001953125
2011-11-15 00:00:00+09:00,8541.9296875
2011-11-16 00:00:00+09:00,8463.16015625
2011-11-17 00:00:00+09:00,8479.6298828125
2011-11-18 00:00:00+09:00,8374.91015625
2011-11-21 00:00:00+09:00,8348.26953125
2011-11-22 00:00:00+09:00,8314.740234375
2011-11-24 00:00:00+09:00,8165.18017578125
2011-11-25 00:00:00+09:00,8160.009765625
2011-11-28 00:00:00+09:00,8287.490234375
2011-11-29 00:00:00+09:00,8477.8203125
2011-11-30 00:00:00+09:00,8434.6103515625
2011-12-01 00:00:00+09:00,8597.3798828125
2011-12-02 00:00:00+09:00,8643.75
2011-12-05 00:00:00+09:00,8695.98046875
2011-12-06 00:00:00+09:00,8575.16015625
2011-12-07 00:00:00+09:00,8722.169921875
2011-12-08 00:00:00+09:00,8664.580078125
2011-12-09 00:00:00+09:00,8536.4599609375
2011-12-12 00:00:00+09:00,8653.8203125
2011-12-13 00:00:00+09:00,8552.8095703125
2011-12-14 00:00:00+09:00,8519.1298828125
2011-12-15 00:00:00+09:00,8377.3701171875
2011-12-16 00:00:00+09:00,8401.7197265625
2011-12-19 00:00:00+09:00,8296.1201171875
2011-12-20 00:00:00+09:00,8336.48046875
2011-12-21 00:00:00+09:00,8459.98046875
2011-12-22 00:00:00+09:00,8395.16015625
2011-12-26 00:00:00+09:00,8479.33984375
2011-12-27 00:00:00+09:00,8440.5595703125
2011-12-28 00:00:00+09:00,8423.6201171875
2011-12-29 00:00:00+09:00,8398.8896484375
2011-12-30 00:00:00+09:00,8455.349609375
2012-01-04 00:00:00+09:00,8560.1103515625
2012-01-05 00:00:00+09:00,8488.7099609375
2012-01-06 00:00:00+09:00,8390.349609375
2012-01-10 00:00:00+09:00,8422.259765625
2012-01-11 00:00:00+09:00,8447.8798828125
2012-01-12 00:00:00+09:00,8385.58984375
2012-01-13 00:00:00+09:00,8500.01953125
2012-01-16 00:00:00+09:00,8378.3603515625
2012-01-17 00:00:00+09:00,8466.400390625
2012-01-18 00:00:00+09:00,8550.580078125
2012-01-19 00:00:00+09:00,8639.6796875
2012-01-20 00:00:00+09:00,8766.3603515625
2012-01-23 00:00:00+09:00,8765.900390625
2012-01-24 00:00:00+09:00,8785.330078125
2012-01-25 00:00:00+09:00,8883.6904296875
2012-01-26 00:00:00+09:00,8849.4697265625
2012-01-27 00:00:00+09:00,8841.2197265625
2012-01-30 00:00:00+09:00,8793.0498046875
2012-01-31 00:00:00+09:00,8802.509765625
2012-02-01 00:00:00+09:00,8809.7900390625
2012-02-02 00:00:00+09:00,8876.8203125
2012-02-03 00:00:00+09:00,8831.9296875
2012-02-06 00:00:00+09:00,8929.2001953125
2012-02-07 00:00:00+09:00,8917.51953125
2012-02-08 00:00:00+09:00,9015.58984375
2012-02-09 00:00:00+09:00,9002.240234375
2012-02-10 00:00:00+09:00,8947.169921875
2012-02-13 00:00:00+09:00,8999.1796875
2012-02-14 00:00:00+09:00,9052.0703125
2012-02-15 00:00:00+09:00,9260.33984375
2012-02-16 00:00:00+09:00,9238.099609375
2012-02-17 00:00:00+09:00,9384.169921875
2012-02-20 00:00:00+09:00,9485.08984375
2012-02-21 00:00:00+09:00,9463.01953125
2012-02-22 00:00:00+09:00,9554.0
2012-02-23 00:00:00+09:00,9595.5703125
2012-02-24 00:00:00+09:00,9647.3798828125
2012-02-27 00:00:00+09:00,9633.9296875
2012-02-28 00:00:00+09:00,9722.51953125
2012-02-29 00:00:00+09:00,9723.240234375
2012-03-01 00:00:00+09:00,9707.3701171875
2012-03-02 00:00:00+09:00,9777.0302734375
2012-03-05 00:00:00+09:00,9698.58984375
2012-03-06 00:00:00+09:00,9637.6298828125
2012-03-07 00:00:00+09:00,9576.0595703125
2012-03-08 00:00:00+09:00,9768.9599609375
2012-03-09 00:00:00+09:00,9929.740234375
2012-03-12 00:00:00+09:00,9889.8603515625
2012-03-13 00:00:00+09:00,9899.080078125
2012-03-14 00:00:00+09:00,10050.51953125
2012-03-15 00:00:00+09:00,10123.2802734375
2012-03-16 00:00:00+09:00,10129.830078125
2012-03-19 00:00:00+09:00,10141.990234375
2012-03-21 00:00:00+09:00,10086.490234375
2012-03-22 00:00:00+09:00,10127.080078125
2012-03-23 00:00:00+09:00,10011.4697265625
2012-03-26 00:00:00+09:00,10018.240234375
2012-03-27 00:00:00+09:00,10255.150390625
2012-03-28 00:00:00+09:00,10182.5703125
2012-03-29 00:00:00+09:00,10114.7900390625
2012-03-30 00:00:00+09:00,10083.5595703125
2012-04-02 00:00:00+09:00,10109.8701171875
2012-04-03 00:00:00+09:00,10050.3896484375
2012-04-04 00:00:00+09:00,9819.990234375
2012-04-05 00:00:00+09:00,9767.6103515625
2012-04-06 00:00:00+09:00,9688.4501953125
2012-04-09 00:00:00+09:00,9546.259765625
2012-04-10 00:00:00+09:00,9538.01953125
2012-04-11 00:00:00+09:00,9458.740234375
2012-04-12 00:00:00+09:00,9524.7900390625
2012-04-13 00:00:00+09:00,9637.990234375
2012-04-16 00:00:00+09:00,9470.6396484375
2012-04-17 00:00:00+09:00,9464.7099609375
2012-04-18 00:00:00+09:00,9667.259765625
2012-04-19 00:00:00+09:00,9588.3798828125
2012-04-20 00:00:00+09:00,9561.3603515625
2012-04-23 00:00:00+09:00,9542.169921875
2012-04-24 00:00:00+09:00,9468.0400390625
2012-04-25 00:00:00+09:00,9561.009765625
2012-04-26 00:00:00+09:00,9561.830078125
2012-04-27 00:00:00+09:00,9520.8896484375
2012-05-01 00:00:00+09:00,9350.9501953125
2012-05-02 00:00:00+09:00,9380.25
2012-05-07 00:00:00+09:00,9119.1396484375
2012-05-08 00:00:00+09:00,9181.650390625
2012-05-09 00:00:00+09:00,9045.0595703125
2012-05-10 00:00:00+09:00,9009.650390625
2012-05-11 00:00:00+09:00,8953.3095703125
2012-05-14 00:00:00+09:00,8973.83984375
2012-05-15 00:00:00+09:00,8900.740234375
2012-05-16 00:00:00+09:00,8801.169921875
2012-05-17 00:00:00+09:00,8876.58984375
2012-05-18 00:00:00+09:00,8611.3095703125
2012-05-21 00:00:00+09:00,8633.8896484375
2012-05-22 00:00:00+09:00,8729.2900390625
2012-05-23 00:00:00+09:00,8556.599609375
2012-05-24 00:00:00+09:00,8563.3798828125
2012-05-25 00:00:00+09:00,8580.3896484375
2012-05-28 00:00:00+09:00,8593.150390625
2012-05-29 00:00:00+09:00,8657.080078125
2012-05-30 00:00:00+09:00,8633.1904296875
2012-05-31 00:00:00+09:00,8542.73046875
2012-06-01 00:00:00+09:00,8440.25
2012-06-04 00:00:00+09:00,8295.6298828125
2012-06-05 00:00:00+09:00,8382.0
2012-06-06 00:00:00+09:00,8533.5302734375
2012-06-07 00:00:00+09:00,8639.7197265625
2012-06-08 00:00:00+09:00,8459.259765625
2012-06-11 00:00:00+09:00,8624.900390625
2012-06-12 00:00:00+09:00,8536.7197265625
2012-06-13 00:00:00+09:00,8587.83984375
2012-06-14 00:00:00+09:00,8568.8896484375
2012-06-15 00:00:00+09:00,8569.3203125
2012-06-18 00:00:00+09:00,8721.01953125
2012-06-19 00:00:00+09:00,8655.8701171875
2012-06-20 00:00:00+09:00,8752.3095703125
2012-06-21 00:00:00+09:00,8824.0703125
2012-06-22 00:00:00+09:00,8798.349609375
2012-06-25 00:00:00+09:00,8734.6201171875
2012-06-26 00:00:00+09:00,8663.990234375
2012-06-27 00:00:00+09:00,8730.490234375
2012-06-28 00:00:00+09:00,8874.1103515625
2012-06-29 00:00:00+09:00,9006.7802734375
2012-07-02 00:00:00+09:00,9003.48046875
2012-07-03 00:00:00+09:00,9066.58984375
2012-07-04 00:00:00+09:00,9104.169921875
2012-07-05 00:00:00+09:00,9079.7998046875
2012-07-06 00:00:00+09:00,9020.75
2012-07-09 00:00:00+09:00,8896.8798828125
2012-07-10 00:00:00+09:00,8857.73046875
2012-07-11 00:00:00+09:00,8851.0
2012-07-12 00:00:00+09:00,8720.009765625
2012-07-13 00:00:00+09:00,8724.1201171875
2012-07-17 00:00:00+09:00,8755.0
2012-07-18 00:00:00+09:00,8726.740234375
2012-07-19 00:00:00+09:00,8795.5498046875
2012-07-20 00:00:00+09:00,8669.8701171875
2012-07-23 00:00:00+09:00,8508.3203125
2012-07-24 00:00:00+09:00,8488.08984375
2012-07-25 00:00:00+09:00,8365.900390625
2012-07-26 00:00:00+09:00,8443.099609375
2012-07-27 00:00:00+09:00,8566.6396484375
2012-07-30 00:00:00+09:00,8635.4404296875
2012-07-31 00:00:00+09:00,8695.0595703125
2012-08-01 00:00:00+09:00,8641.849609375
2012-08-02 00:00:00+09:00,8653.1796875
2012-08-03 00:00:00+09:00,8555.1103515625
2012-08-06 00:00:00+09:00,8726.2900390625
2012-08-07 00:00:00+09:00,8803.3095703125
2012-08-08 00:00:00+09:00,8881.16015625
2012-08-09 00:00:00+09:00,8978.599609375
2012-08-10 00:00:00+09:00,8891.4404296875
2012-08-13 00:00:00+09:00,8885.150390625
2012-08-14 00:00:00+09:00,8929.8798828125
2012-08-15 00:00:00+09:00,8925.0400390625
2012-08-16 00:00:00+09:00,9092.759765625
2012-08-17 00:00:00+09:00,9162.5
2012-08-20 00:00:00+09:00,9171.16015625
2012-08-21 00:00:00+09:00,9156.919921875
2012-08-22 00:00:00+09:00,9131.740234375
2012-08-23 00:00:00+09:00,9178.1201171875
2012-08-24 00:00:00+09:00,9070.759765625
2012-08-27 00:00:00+09:00,9085.3896484375
2012-08-28 00:00:00+09:00,9033.2900390625
2012-08-29 00:00:00+09:00,9069.8095703125
2012-08-30 00:00:00+09:00,8983.7802734375
2012-08-31 00:00:00+09:00,8839.91015625
2012-09-03 00:00:00+09:00,8783.8896484375
2012-09-04 00:00:00+09:00,8775.509765625
2012-09-05 00:00:00+09:00,8679.8203125
2012-09-06 00:00:00+09:00,8680.5703125
2012-09-07 00:00:00+09:00,8871.650390625
2012-09-10 00:00:00+09:00,8869.3701171875
2012-09-11 00:00:00+09:00,8807.3798828125
2012-09-12 00:00:00+09:00,8959.9599609375
2012-09-13 00:00:00+09:00,8995.150390625
2012-09-14 00:00:00+09:00,9159.3896484375
2012-09-18 00:00:00+09:00,9123.76953125
2012-09-19 00:00:00+09:00,9232.2099609375
2012-09-20 00:00:00+09:00,9086.98046875
2012-09-21 00:00:00+09:00,9110.0
2012-09-24 00:00:00+09:00,9069.2900390625
2012-09-25 00:00:00+09:00,9091.5400390625
2012-09-26 00:00:00+09:00,8906.7001953125
2012-09-27 00:00:00+09:00,8949.8701171875
2012-09-28 00:00:00+09:00,8870.16015625
2012-10-01 00:00:00+09:00,8796.509765625
2012-10-02 00:00:00+09:00,8786.0498046875
2012-10-03 00:00:00+09:00,8746.8701171875
2012-10-04 00:00:00+09:00,8824.58984375
2012-10-05 00:00:00+09:00,8863.2998046875
2012-10-09 00:00:00+09:00,8769.58984375
2012-10-10 00:00:00+09:00,8596.23046875
2012-10-11 00:00:00+09:00,8546.7802734375
2012-10-12 00:00:00+09:00,8534.1201171875
2012-10-15 00:00:00+09:00,8577.9296875
2012-10-16 00:00:00+09:00,8701.3095703125
2012-10-17 00:00:00+09:00,8806.5498046875
2012-10-18 00:00:00+09:00,8982.8603515625
2012-10-19 00:00:00+09:00,9002.6796875
2012-10-22 00:00:00+09:00,9010.7099609375
2012-10-23 00:00:00+09:00,9014.25
2012-10-24 00:00:00+09:00,8954.2998046875
2012-10-25 00:00:00+09:00,9055.2001953125
2012-10-26 00:00:00+09:00,8933.0595703125
2012-10-29 00:00:00+09:00,8929.33984375
2012-10-30 00:00:00+09:00,8841.98046875
2012-10-31 00:00:00+09:00,8928.2900390625
2012-11-01 00:00:00+09:00,8946.8701171875
2012-11-02 00:00:00+09:00,9051.2197265625
2012-11-05 00:00:00+09:00,9007.4404296875
2012-11-06 00:00:00+09:00,8975.150390625
2012-11-07 00:00:00+09:00,8972.8896484375
2012-11-08 00:00:00+09:00,8837.150390625
2012-11-09 00:00:00+09:00,8757.599609375
2012-11-12 00:00:00+09:00,8676.4404296875
2012-11-13 00:00:00+09:00,8661.0498046875
2012-11-14 00:00:00+09:00,8664.73046875
2012-11-15 00:00:00+09:00,8829.7197265625
2012-11-16 00:00:00+09:00,9024.16015625
2012-11-19 00:00:00+09:00,9153.2001953125
2012-11-20 00:00:00+09:00,9142.6396484375
2012-11-21 00:00:00+09:00,9222.51953125
2012-11-22 00:00:00+09:00,9366.7998046875
2012-11-26 00:00:00+09:00,9388.9404296875
2012-11-27 00:00:00+09:00,9423.2998046875
2012-11-28 00:00:00+09:00,9308.349609375
2012-11-29 00:00:00+09:00,9400.8798828125
2012-11-30 00:00:00+09:00,9446.009765625
2012-12-03 00:00:00+09:00,9458.1796875
2012-12-04 00:00:00+09:00,9432.4599609375
2012-12-05 00:00:00+09:00,9468.83984375
2012-12-06 00:00:00+09:00,9545.16015625
2012-12-07 00:00:00+09:00,9527.3896484375
2012-12-10 00:00:00+09:00,9533.75
2012-12-11 00:00:00+09:00,9525.3203125
2012-12-12 00:00:00+09:00,9581.4599609375
2012-12-13 00:00:00+09:00,9742.73046875
2012-12-14 00:00:00+09:00,9737.5595703125
2012-12-17 00:00:00+09:00,9828.8798828125
2012-12-18 00:00:00+09:00,9923.009765625
2012-12-19 00:00:00+09:00,10160.400390625
2012-12-20 00:00:00+09:00,10039.330078125
2012-12-21 00:00:00+09:00,9940.0595703125
2012-12-25 00:00:00+09:00,10080.1201171875
2012-12-26 00:00:00+09:00,10230.3603515625
2012-12-27 00:00:00+09:00,10322.98046875
2012-12-28 00:00:00+09:00,10395.1796875
2013-01-04 00:00:00+09:00,10688.1103515625
2013-01-07 00:00:00+09:00,10599.009765625
2013-01-08 00:00:00+09:00,10508.0595703125
2013-01-09 00:00:00+09:00,10578.5703125
2013-01-10 00:00:00+09:00,10652.6396484375
2013-01-11 00:00:00+09:00,10801.5703125
2013-01-15 00:00:00+09:00,10879.080078125
2013-01-16 00:00:00+09:00,10600.4404296875
2013-01-17 00:00:00+09:00,10609.6396484375
2013-01-18 00:00:00+09:00,10913.2998046875
2013-01-21 00:00:00+09:00,10747.740234375
2013-01-22 00:00:00+09:00,10709.9296875
2013-01-23 00:00:00+09:00,10486.990234375
2013-01-24 00:00:00+09:00,10620.8701171875
2013-01-25 00:00:00+09:00,10926.650390625
2013-01-28 00:00:00+09:00,10824.3095703125
2013-01-29 00:00:00+09:00,10866.7197265625
2013-01-30 00:00:00+09:00,11113.9501953125
2013-01-31 00:00:00+09:00,11138.66015625
2013-02-01 00:00:00+09:00,11191.33984375
2013-02-04 00:00:00+09:00,11260.349609375
2013-02-05 00:00:00+09:00,11046.919921875
2013-02-06 00:00:00+09:00,11463.75
2013-02-07 00:00:00+09:00,11357.0703125
2013-02-08 00:00:00+09:00,11153.16015625
2013-02-12 00:00:00+09:00,11369.1201171875
2013-02-13 00:00:00+09:00,11251.41015625
2013-02-14 00:00:00+09:00,11307.2802734375
2013-02-15 00:00:00+09:00,11173.830078125
2013-02-18 00:00:00+09:00,11407.8701171875
2013-02-19 00:00:00+09:00,11372.33984375
2013-02-20 00:00:00+09:00,11468.2802734375
2013-02-21 00:00:00+09:00,11309.1298828125
2013-02-22 00:00:00+09:00,11385.9404296875
2013-02-25 00:00:00+09:00,11662.51953125
2013-02-26 00:00:00+09:00,11398.8095703125
2013-02-27 00:00:00+09:00,11253.9697265625
2013-02-28 00:00:00+09:00,11559.3603515625
2013-03-01 00:00:00+09:00,11606.3798828125
2013-03-04 00:00:00+09:00,11652.2900390625
2013-03-05 00:00:00+09:00,11683.4501953125
2013-03-06 00:00:00+09:00,11932.26953125
2013-03-07 00:00:00+09:00,11968.080078125
2013-03-08 00:00:00+09:00,12283.6201171875
2013-03-11 00:00:00+09:00,12349.0498046875
2013-03-12 00:00:00+09:00,12314.8095703125
2013-03-13 00:00:00+09:00,12239.66015625
2013-03-14 00:00:00+09:00,12381.1904296875
2013-03-15 00:00:00+09:00,12560.9501953125
2013-03-18 00:00:00+09:00,12220.6298828125
2013-03-19 00:00:00+09:00,12468.23046875
2013-03-21 00:00:00+09:00,12635.6904296875
2013-03-22 00:00:00+09:00,12338.5302734375
2013-03-25 00:00:00+09:00,12546.4599609375
2013-03-26 00:00:00+09:00,12471.6201171875
2013-03-27 00:00:00+09:00,12493.7900390625
2013-03-28 00:00:00+09:00,12335.9599609375
2013-03-29 00:00:00+09:00,12397.91015625
2013-04-01 00:00:00+09:00,12135.01953125
2013-04-02 00:00:00+09:00,12003.4296875
2013-04-03 00:00:00+09:00,12362.2001953125
2013-04-04 00:00:00+09:00,12634.5400390625
2013-04-05 00:00:00+09:00,12833.6396484375
2013-04-08 00:00:00+09:00,13192.58984375
2013-04-09 00:00:00+09:00,13192.349609375
2013-04-10 00:00:00+09:00,13288.1298828125
2013-04-11 00:00:00+09:00,13549.16015625
2013-04-12 00:00:00+09:00,13485.1396484375
2013-04-15 00:00:00+09:00,13275.66015625
2013-04-16 00:00:00+09:00,13221.4404296875
2013-04-17 00:00:00+09:00,13382.8896484375
2013-04-18 00:00:00+09:00,13220.0703125
2013-04-19 00:00:00+09:00,13316.48046875
2013-04-22 00:00:00+09:00,13568.3701171875
2013-04-23 00:00:00+09:00,13529.650390625
2013-04-24 00:00:00+09:00,13843.4599609375
2013-04-25 00:00:00+09:00,13926.080078125
2013-04-26 00:00:00+09:00,13884.1298828125
2013-04-30 00:00:00+09:00,13860.8603515625
2013-05-01 00:00:00+09:00,13799.349609375
2013-05-02 00:00:00+09:00,13694.0400390625
2013-05-07 00:00:00+09:00,14180.240234375
2013-05-08 00:00:00+09:00,14285.6904296875
2013-05-09 00:00:00+09:00,14191.48046875
2013-05-10 00:00:00+09:00,14607.5400390625
2013-05-13 00:00:00+09:00,14782.2099609375
2013-05-14 00:00:00+09:00,14758.419921875
2013-05-15 00:00:00+09:00,15096.0302734375
2013-05-16 00:00:00+09:00,15037.240234375
2013-05-17 00:00:00+09:00,15138.1201171875
2013-05-20 00:00:00+09:00,15360.8095703125
2013-05-21 00:00:00+09:00,15381.01953125
2013-05-22 00:00:00+09:00,15627.259765625
2013-05-23 00:00:00+09:00,14483.98046875
2013-05-24 00:00:00+09:00,14612.4501953125
2013-05-27 00:00:00+09:00,14142.650390625
2013-05-28 00:00:00+09:00,14311.98046875
2013-05-29 00:00:00+09:00,14326.4599609375
2013-05-30 00:00:00+09:00,13589.0302734375
2013-05-31 00:00:00+09:00,13774.5400390625
2013-06-03 00:00:00+09:00,13261.8203125
2013-06-04 00:00:00+09:00,13533.759765625
2013-06-05 00:00:00+09:00,13014.8701171875
2013-06-06 00:00:00+09:00,12904.01953125
2013-06-07 00:00:00+09:00,12877.5302734375
2013-06-10 00:00:00+09:00,13514.2001953125
2013-06-11 00:00:00+09:00,13317.6201171875
2013-06-12 00:00:00+09:00,13289.3203125
2013-06-13 00:00:00+09:00,12445.3798828125
2013-06-14 00:00:00+09:00,12686.51953125
2013-06-17 00:00:00+09:00,13033.1201171875
2013-06-18 00:00:00+09:00,13007.2802734375
2013-06-19 00:00:00+09:00,13245.2197265625
2013-06-20 00:00:00+09:00,13014.580078125
2013-06-21 00:00:00+09:00,13230.1298828125
2013-06-24 00:00:00+09:00,13062.7802734375
2013-06-25 00:00:00+09:00,12969.33984375
2013-06-26 00:00:00+09:00,12834.009765625
2013-06-27 00:00:00+09:00,13213.5498046875
2013-06-28 00:00:00+09:00,13677.3203125
2013-07-01 00:00:00+09:00,13852.5
2013-07-02 00:00:00+09:00,14098.740234375
2013-07-03 00:00:00+09:00,14055.5595703125
2013-07-04 00:00:00+09:00,14018.9296875
2013-07-05 00:00:00+09:00,14309.9697265625
2013-07-08 00:00:00+09:00,14109.33984375
2013-07-09 00:00:00+09:00,14472.900390625
2013-07-10 00:00:00+09:00,14416.599609375
2013-07-11 00:00:00+09:00,14472.580078125
2013-07-12 00:00:00+09:00,14506.25
2013-07-16 00:00:00+09:00,14599.1201171875
2013-07-17 00:00:00+09:00,14615.0400390625
2013-07-18 00:00:00+09:00,14808.5
2013-07-19 00:00:00+09:00,14589.91015625
2013-07-22 00:00:00+09:00,14658.0400390625
2013-07-23 00:00:00+09:00,14778.509765625
2013-07-24 00:00:00+09:00,14731.2802734375
2013-07-25 00:00:00+09:00,14562.9296875
2013-07-26 00:00:00+09:00,14129.98046875
2013-07-29 00:00:00+09:00,13661.1298828125
2013-07-30 00:00:00+09:00,13869.8203125
2013-07-31 00:00:00+09:00,13668.3203125
2013-08-01 00:00:00+09:00,14005.76953125
2013-08-02 00:00:00+09:00,14466.16015625
2013-08-05 00:00:00+09:00,14258.0400390625
2013-08-06 00:00:00+09:00,14401.0595703125
2013-08-07 00:00:00+09:00,13824.9404296875
2013-08-08 00:00:00+09:00,13605.5595703125
2013-08-09 00:00:00+09:00,13615.1904296875
2013-08-12 00:00:00+09:00,13519.4296875
2013-08-13 00:00:00+09:00,13867.0
2013-08-14 00:00:00+09:00,14050.16015625
2013-08-15 00:00:00+09:00,13752.9404296875
2013-08-16 00:00:00+09:00,13650.1103515625
2013-08-19 00:00:00+09:00,13758.1298828125
2013-08-20 00:00:00+09:00,13396.3798828125
2013-08-21 00:00:00+09:00,13424.330078125
2013-08-22 00:00:00+09:00,13365.169921875
2013-08-23 00:00:00+09:00,13660.5498046875
2013-08-26 00:00:00+09:00,13636.2802734375
2013-08-27 00:00:00+09:00,13542.3701171875
2013-08-28 00:00:00+09:00,13338.4599609375
2013-08-29 00:00:00+09:00,13459.7099609375
2013-08-30 00:00:00+09:00,13388.8603515625
2013-09-02 00:00:00+09:00,13572.919921875
2013-09-03 00:00:00+09:00,13978.4404296875
2013-09-04 00:00:00+09:00,14053.8701171875
2013-09-05 00:00:00+09:00,14064.8203125
2013-09-06 00:00:00+09:00,13860.8095703125
2013-09-09 00:00:00+09:00,14205.23046875
2013-09-10 00:00:00+09:00,14423.3603515625
2013-09-11 00:00:00+09:00,14425.0703125
2013-09-12 00:00:00+09:00,14387.26953125
2013-09-13 00:00:00+09:00,14404.669921875
2013-09-17 00:00:00+09:00,14311.669921875
2013-09-18 00:00:00+09:00,14505.3603515625
2013-09-19 00:00:00+09:00,14766.1796875
2013-09-20 00:00:00+09:00,14742.419921875
2013-09-24 00:00:00+09:00,14732.6103515625
2013-09-25 00:00:00+09:00,14620.5302734375
2013-09-26 00:00:00+09:00,14799.1201171875
2013-09-27 00:00:00+09:00,14760.0703125
2013-09-30 00:00:00+09:00,14455.7998046875
2013-10-01 00:00:00+09:00,14484.7197265625
2013-10-02 00:00:00+09:00,14170.490234375
2013-10-03 00:00:00+09:00,14157.25
2013-10-04 00:00:00+09:00,14024.3095703125
2013-10-07 00:00:00+09:00,13853.3203125
2013-10-08 00:00:00+09:00,13894.6103515625
2013-10-09 00:00:00+09:00,14037.83984375
2013-10-10 00:00:00+09:00,14194.7099609375
2013-10-11 00:00:00+09:00,14404.740234375
2013-10-15 00:00:00+09:00,14441.5400390625
2013-10-16 00:00:00+09:00,14467.1396484375
2013-10-17 00:00:00+09:00,14586.509765625
2013-10-18 00:00:00+09:00,14561.5400390625
2013-10-21 00:00:00+09:00,14693.5703125
2013-10-22 00:00:00+09:00,14713.25
2013-10-23 00:00:00+09:00,14426.0498046875
2013-10-24 00:00:00+09:00,14486.41015625
2013-10-25 00:00:00+09:00,14088.1904296875
2013-10-28 00:00:00+09:00,14396.0400390625
2013-10-29 00:00:00+09:00,14325.98046875
2013-10-30 00:00:00+09:00,14502.349609375
2013-10-31 00:00:00+09:00,14327.9404296875
2013-11-01 00:00:00+09:00,14201.5703125
2013-11-05 00:00:00+09:00,14225.3701171875
2013-11-06 00:00:00+09:00,14337.3095703125
2013-11-07 00:00:00+09:00,14228.4404296875
2013-11-08 00:00:00+09:00,14086.7998046875
2013-11-11 00:00:00+09:00,14269.83984375
2013-11-12 00:00:00+09:00,14588.6796875
2013-11-13 00:00:00+09:00,14567.16015625
2013-11-14 00:00:00+09:00,14876.41015625
2013-11-15 00:00:00+09:00,15165.919921875
2013-11-18 00:00:00+09:00,15164.2998046875
2013-11-19 00:00:00+09:00,15126.5595703125
2013-11-20 00:00:00+09:00,15076.080078125
2013-11-21 00:00:00+09:00,15365.599609375
2013-11-22 00:00:00+09:00,15381.7197265625
2013-11-25 00:00:00+09:00,15619.1298828125
2013-11-26 00:00:00+09:00,15515.240234375
2013-11-27 00:00:00+09:00,15449.6298828125
2013-11-28 00:00:00+09:00,15727.1201171875
2013-11-29 00:00:00+09:00,15661.8701171875
2013-12-02 00:00:00+09:00,15655.0703125
2013-12-03 00:00:00+09:00,15749.66015625
2013-12-04 00:00:00+09:00,15407.9404296875
2013-12-05 00:00:00+09:00,15177.490234375
2013-12-06 00:00:00+09:00,15299.8603515625
2013-12-09 00:00:00+09:00,15650.2099609375
2013-12-10 00:00:00+09:00,15611.3095703125
2013-12-11 00:00:00+09:00,15515.0595703125
2013-12-12 00:00:00+09:00,15341.8203125
2013-12-13 00:00:00+09:00,15403.1103515625
2013-12-16 00:00:00+09:00,15152.91015625
2013-12-17 00:00:00+09:00,15278.6298828125
2013-12-18 00:00:00+09:00,15587.7998046875
2013-12-19 00:00:00+09:00,15859.2197265625
2013-12-20 00:00:00+09:00,15870.419921875
2013-12-24 00:00:00+09:00,15889.330078125
2013-12-25 00:00:00+09:00,16009.990234375
2013-12-26 00:00:00+09:00,16174.4404296875
2013-12-27 00:00:00+09:00,16178.9404296875
2013-12-30 00:00:00+09:00,16291.3095703125
2014-01-06 00:00:00+09:00,15908.8798828125
2014-01-07 00:00:00+09:00,15814.3701171875
2014-01-08 00:00:00+09:00,16121.4501953125
2014-01-09 00:00:00+09:00,15880.330078125
2014-01-10 00:00:00+09:00,15912.0595703125
2014-01-14 00:00:00+09:00,15422.400390625
2014-01-15 00:00:00+09:00,15808.73046875
2014-01-16 00:00:00+09:00,15747.2001953125
2014-01-17 00:00:00+09:00,15734.4599609375
2014-01-20 00:00:00+09:00,15641.6796875
2014-01-21 00:00:00+09:00,15795.9599609375
2014-01-22 00:00:00+09:00,15820.9599609375
2014-01-23 00:00:00+09:00,15695.8896484375
2014-01-24 00:00:00+09:00,15391.5595703125
2014-01-27 00:00:00+09:00,15005.73046875
2014-01-28 00:00:00+09:00,14980.16015625
2014-01-29 00:00:00+09:00,15383.91015625
2014-01-30 00:00:00+09:00,15007.0595703125
2014-01-31 00:00:00+09:00,14914.5302734375
2014-02-03 00:00:00+09:00,14619.1298828125
2014-02-04 00:00:00+09:00,14008.4697265625
2014-02-05 00:00:00+09:00,14180.3798828125
2014-02-06 00:00:00+09:00,14155.1201171875
2014-02-07 00:00:00+09:00,14462.41015625
2014-02-10 00:00:00+09:00,14718.33984375
2014-02-12 00:00:00+09:00,14800.0595703125
2014-02-13 00:00:00+09:00,14534.740234375
2014-02-14 00:00:00+09:00,14313.0302734375
2014-02-17 00:00:00+09:00,14393.1103515625
2014-02-18 00:00:00+09:00,14843.240234375
2014-02-19 00:00:00+09:00,14766.5302734375
2014-02-20 00:00:00+09:00,14449.1796875
2014-02-21 00:00:00+09:00,14865.669921875
2014-02-24 00:00:00+09:00,14837.6796875
2014-02-25 00:00:00+09:00,15051.599609375
2014-02-26 00:00:00+09:00,14970.9697265625
2014-02-27 00:00:00+09:00,14923.1103515625
2014-02-28 00:00:00+09:00,14841.0703125
2014-03-03 00:00:00+09:00,14652.23046875
2014-03-04 00:00:00+09:00,14721.48046875
2014-03-05 00:00:00+09:00,14897.6298828125
2014-03-06 00:00:00+09:00,15134.75
2014-03-07 00:00:00+09:00,15274.0703125
2014-03-10 00:00:00+09:00,15120.1396484375
2014-03-11 00:00:00+09:00,15224.1103515625
2014-03-12 00:00:00+09:00,14830.3896484375
2014-03-13 00:00:00+09:00,14815.98046875
2014-03-14 00:00:00+09:00,14327.66015625
2014-03-17 00:00:00+09:00,14277.669921875
2014-03-18 00:00:00+09:00,14411.26953125
2014-03-19 00:00:00+09:00,14462.51953125
2014-03-20 00:00:00+09:00,14224.23046875
2014-03-24 00:00:00+09:00,14475.2998046875
2014-03-25 00:00:00+09:00,14423.1904296875
2014-03-26 00:00:00+09:00,14477.16015625
2014-03-27 00:00:00+09:00,14622.8896484375
2014-03-28 00:00:00+09:00,14696.0302734375
2014-03-31 00:00:00+09:00,14827.830078125
2014-04-01 00:00:00+09:00,14791.990234375
2014-04-02 00:00:00+09:00,14946.3203125
2014-04-03 00:00:00+09:00,15071.8798828125
2014-04-04 00:00:00+09:00,15063.76953125
2014-04-07 00:00:00+09:00,14808.849609375
2014-04-08 00:00:00+09:00,14606.8798828125
2014-04-09 00:00:00+09:00,14299.6904296875
2014-04-10 00:00:00+09:00,14300.1201171875
2014-04-11 00:00:00+09:00,13960.0498046875
2014-04-14 00:00:00+09:00,13910.16015625
2014-04-15 00:00:00+09:00,13996.8095703125
2014-04-16 00:00:00+09:00,14417.6796875
2014-04-17 00:00:00+09:00,14417.5302734375
2014-04-18 00:00:00+09:00,14516.26953125
2014-04-21 00:00:00+09:00,14512.3798828125
2014-04-22 00:00:00+09:00,14388.76953125
2014-04-23 00:00:00+09:00,14546.26953125
2014-04-24 00:00:00+09:00,14404.990234375
2014-04-25 00:00:00+09:00,14429.259765625
2014-04-28 00:00:00+09:00,14288.23046875
2014-04-30 00:00:00+09:00,14304.1103515625
2014-05-01 00:00:00+09:00,14485.1298828125
2014-05-02 00:00:00+09:00,14457.509765625
2014-05-07 00:00:00+09:00,14033.4501953125
2014-05-08 00:00:00+09:00,14163.7802734375
2014-05-09 00:00:00+09:00,14199.58984375
2014-05-12 00:00:00+09:00,14149.51953125
2014-05-13 00:00:00+09:00,14425.4404296875
2014-05-14 00:00:00+09:00,14405.759765625
2014-05-15 00:00:00+09:00,14298.2099609375
2014-05-16 00:00:00+09:00,14096.58984375
2014-05-19 00:00:00+09:00,14006.4404296875
2014-05-20 00:00:00+09:00,14075.25
2014-05-21 00:00:00+09:00,14042.169921875
2014-05-22 00:00:00+09:00,14337.7900390625
2014-05-23 00:00:00+09:00,14462.169921875
2014-05-26 00:00:00+09:00,14602.51953125
2014-05-27 00:00:00+09:00,14636.51953125
2014-05-28 00:00:00+09:00,14670.9501953125
2014-05-29 00:00:00+09:00,14681.7197265625
2014-05-30 00:00:00+09:00,14632.3798828125
2014-06-02 00:00:00+09:00,14935.919921875
2014-06-03 00:00:00+09:00,15034.25
2014-06-04 00:00:00+09:00,15067.9599609375
2014-06-05 00:00:00+09:00,15079.3701171875
2014-06-06 00:00:00+09:00,15077.240234375
2014-06-09 00:00:00+09:00,15124.0
2014-06-10 00:00:00+09:00,14994.7998046875
2014-06-11 00:00:00+09:00,15069.48046875
2014-06-12 00:00:00+09:00,14973.5302734375
2014-06-13 00:00:00+09:00,15097.83984375
2014-06-16 00:00:00+09:00,14933.2900390625
2014-06-17 00:00:00+09:00,14975.9697265625
2014-06-18 00:00:00+09:00,15115.7998046875
2014-06-19 00:00:00+09:00,15361.16015625
2014-06-20 00:00:00+09:00,15349.419921875
2014-06-23 00:00:00+09:00,15369.2802734375
2014-06-24 00:00:00+09:00,15376.240234375
2014-06-25 00:00:00+09:00,15266.6103515625
2014-06-26 00:00:00+09:00,15308.490234375
2014-06-27 00:00:00+09:00,15095.0
2014-06-30 00:00:00+09:00,15162.099609375
2014-07-01 00:00:00+09:00,15326.2001953125
2014-07-02 00:00:00+09:00,15369.9697265625
2014-07-03 00:00:00+09:00,15348.2900390625
2014-07-04 00:00:00+09:00,15437.1298828125
2014-07-07 00:00:00+09:00,15379.4404296875
2014-07-08 00:00:00+09:00,15314.41015625
2014-07-09 00:00:00+09:00,15302.650390625
2014-07-10 00:00:00+09:00,15216.4697265625
2014-07-11 00:00:00+09:00,15164.0400390625
2014-07-14 00:00:00+09:00,15296.8203125
2014-07-15 00:00:00+09:00,15395.16015625
2014-07-16 00:00:00+09:00,15379.2998046875
2014-07-17 00:00:00+09:00,15370.259765625
2014-07-18 00:00:00+09:00,15215.7099609375
2014-07-22 00:00:00+09:00,15343.2802734375
2014-07-23 00:00:00+09:00,15328.5595703125
2014-07-24 00:00:00+09:00,15284.419921875
2014-07-25 00:00:00+09:00,15457.8701171875
2014-07-28 00:00:00+09:00,15529.400390625
2014-07-29 00:00:00+09:00,15618.0703125
2014-07-30 00:00:00+09:00,15646.23046875
2014-07-31 00:00:00+09:00,15620.76953125
2014-08-01 00:00:00+09:00,15523.1103515625
2014-08-04 00:00:00+09:00,15474.5
2014-08-05 00:00:00+09:00,15320.3095703125
2014-08-06 00:00:00+09:00,15159.7900390625
2014-08-07 00:00:00+09:00,15232.3701171875
2014-08-08 00:00:00+09:00,14778.3701171875
2014-08-11 00:00:00+09:00,15130.51953125
2014-08-12 00:00:00+09:00,15161.3095703125
2014-08-13 00:00:00+09:00,15213.6298828125
2014-08-14 00:00:00+09:00,15314.5703125
2014-08-15 00:00:00+09:00,15318.33984375
2014-08-18 00:00:00+09:00,15322.599609375
2014-08-19 00:00:00+09:00,15449.7900390625
2014-08-20 00:00:00+09:00,15454.4501953125
2014-08-21 00:00:00+09:00,15586.2001953125
2014-08-22 00:00:00+09:00,15539.1904296875
2014-08-25 00:00:00+09:00,15613.25
2014-08-26 00:00:00+09:00,15521.2197265625
2014-08-27 00:00:00+09:00,15534.8203125
2014-08-28 00:00:00+09:00,15459.8603515625
2014-08-29 00:00:00+09:00,15424.58984375
2014-09-01 00:00:00+09:00,15476.599609375
2014-09-02 00:00:00+09:00,15668.599609375
2014-09-03 00:00:00+09:00,15728.349609375
2014-09-04 00:00:00+09:00,15676.1796875
2014-09-05 00:00:00+09:00,15668.6796875
2014-09-08 00:00:00+09:00,15705.1103515625
2014-09-09 00:00:00+09:00,15749.150390625
2014-09-10 00:00:00+09:00,15788.7802734375
2014-09-11 00:00:00+09:00,15909.2001953125
2014-09-12 00:00:00+09:00,15948.2900390625
2014-09-16 00:00:00+09:00,15911.5302734375
2014-09-17 00:00:00+09:00,15888.669921875
2014-09-18 00:00:00+09:00,16067.5703125
2014-09-19 00:00:00+09:00,16321.169921875
2014-09-22 00:00:00+09:00,16205.900390625
2014-09-24 00:00:00+09:00,16167.4501953125
2014-09-25 00:00:00+09:00,16374.1396484375
2014-09-26 00:00:00+09:00,16229.8603515625
2014-09-29 00:00:00+09:00,16310.6396484375
2014-09-30 00:00:00+09:00,16173.51953125
2014-10-01 00:00:00+09:00,16082.25
2014-10-02 00:00:00+09:00,15661.990234375
2014-10-03 00:00:00+09:00,15708.650390625
2014-10-06 00:00:00+09:00,15890.9501953125
2014-10-07 00:00:00+09:00,15783.830078125
2014-10-08 00:00:00+09:00,15595.98046875
2014-10-09 00:00:00+09:00,15478.9296875
2014-10-10 00:00:00+09:00,15300.5498046875
2014-10-14 00:00:00+09:00,14936.509765625
2014-10-15 00:00:00+09:00,15073.51953125
2014-10-16 00:00:00+09:00,14738.3798828125
2014-10-17 00:00:00+09:00,14532.509765625
2014-10-20 00:00:00+09:00,15111.23046875
2014-10-21 00:00:00+09:00,14804.2802734375
2014-10-22 00:00:00+09:00,15195.76953125
2014-10-23 00:00:00+09:00,15138.9599609375
2014-10-24 00:00:00+09:00,15291.6396484375
2014-10-27 00:00:00+09:00,15388.7197265625
2014-10-28 00:00:00+09:00,15329.91015625
2014-10-29 00:00:00+09:00,15553.91015625
2014-10-30 00:00:00+09:00,15658.2001953125
2014-10-31 00:00:00+09:00,16413.759765625
2014-11-04 00:00:00+09:00,16862.470703125
2014-11-05 00:00:00+09:00,16937.3203125
2014-11-06 00:00:00+09:00,16792.48046875
2014-11-07 00:00:00+09:00,16880.380859375
2014-11-10 00:00:00+09:00,16780.529296875
2014-11-11 00:00:00+09:00,17124.109375
2014-11-12 00:00:00+09:00,17197.05078125
2014-11-13 00:00:00+09:00,17392.7890625
2014-11-14 00:00:00+09:00,17490.830078125
2014-11-17 00:00:00+09:00,16973.80078125
2014-11-18 00:00:00+09:00,17344.060546875
2014-11-19 00:00:00+09:00,17288.75
2014-11-20 00:00:00+09:00,17300.859375
2014-11-21 00:00:00+09:00,17357.509765625
2014-11-25 00:00:00+09:00,17407.619140625
2014-11-26 00:00:00+09:00,17383.580078125
2014-11-27 00:00:00+09:00,17248.5
2014-11-28 00:00:00+09:00,17459.849609375
2014-12-01 00:00:00+09:00,17590.099609375
2014-12-02 00:00:00+09:00,17663.220703125
2014-12-03 00:00:00+09:00,17720.4296875
2014-12-04 00:00:00+09:00,17887.2109375
2014-12-05 00:00:00+09:00,17920.44921875
2014-12-08 00:00:00+09:00,17935.640625
2014-12-09 00:00:00+09:00,17813.380859375
2014-12-10 00:00:00+09:00,17412.580078125
2014-12-11 00:00:00+09:00,17257.400390625
2014-12-12 00:00:00+09:00,17371.580078125
2014-12-15 00:00:00+09:00,17099.400390625
2014-12-16 00:00:00+09:00,16755.3203125
2014-12-17 00:00:00+09:00,16819.73046875
2014-12-18 00:00:00+09:00,17210.05078125
2014-12-19 00:00:00+09:00,17621.400390625
2014-12-22 00:00:00+09:00,17635.140625
2014-12-24 00:00:00+09:00,17854.23046875
2014-12-25 00:00:00+09:00,17808.75
2014-12-26 00:00:00+09:00,17818.9609375
2014-12-29 00:00:00+09:00,17729.83984375
2014-12-30 00:00:00+09:00,17450.76953125
2015-01-05 00:00:00+09:00,17408.7109375
2015-01-06 00:00:00+09:00,16883.189453125
2015-01-07 00:00:00+09:00,16885.330078125
2015-01-08 00:00:00+09:00,17167.099609375
2015-01-09 00:00:00+09:00,17197.73046875
2015-01-13 00:00:00+09:00,17087.7109375
2015-01-14 00:00:00+09:00,16795.9609375
2015-01-15 00:00:00+09:00,17108.69921875
2015-01-16 00:00:00+09:00,16864.16015625
2015-01-19 00:00:00+09:00,17014.2890625
2015-01-20 00:00:00+09:00,17366.30078125
2015-01-21 00:00:00+09:00,17280.48046875
2015-01-22 00:00:00+09:00,17329.01953125
2015-01-23 00:00:00+09:00,17511.75
2015-01-26 00:00:00+09:00,17468.51953125
2015-01-27 00:00:00+09:00,17768.30078125
2015-01-28 00:00:00+09:00,17795.73046875
2015-01-29 00:00:00+09:00,17606.220703125
2015-01-30 00:00:00+09:00,17674.390625
2015-02-02 00:00:00+09:00,17558.0390625
2015-02-03 00:00:00+09:00,17335.849609375
2015-02-04 00:00:00+09:00,17678.740234375
2015-02-05 00:00:00+09:00,17504.619140625
2015-02-06 00:00:00+09:00,17648.5
2015-02-09 00:00:00+09:00,17711.9296875
2015-02-10 00:00:00+09:00,17652.6796875
2015-02-12 00:00:00+09:00,17979.720703125
2015-02-13 00:00:00+09:00,17913.359375
2015-02-16 00:00:00+09:00,18004.76953125
2015-02-17 00:00:00+09:00,17987.08984375
2015-02-18 00:00:00+09:00,18199.169921875
2015-02-19 00:00:00+09:00,18264.7890625
2015-02-20 00:00:00+09:00,18332.30078125
2015-02-23 00:00:00+09:00,18466.919921875
2015-02-24 00:00:00+09:00,18603.48046875
2015-02-25 00:00:00+09:00,18585.19921875
2015-02-26 00:00:00+09:00,18785.7890625
2015-02-27 00:00:00+09:00,18797.939453125
2015-03-02 00:00:00+09:00,18826.880859375
2015-03-03 00:00:00+09:00,18815.16015625
2015-03-04 00:00:00+09:00,18703.599609375
2015-03-05 00:00:00+09:00,18751.83984375
2015-03-06 00:00:00+09:00,18971.0
2015-03-09 00:00:00+09:00,18790.55078125
2015-03-10 00:00:00+09:00,18665.109375
2015-03-11 00:00:00+09:00,18723.51953125
2015-03-12 00:00:00+09:00,18991.109375
2015-03-13 00:00:00+09:00,19254.25
2015-03-16 00:00:00+09:00,19246.060546875
2015-03-17 00:00:00+09:00,19437.0
2015-03-18 00:00:00+09:00,19544.48046875
2015-03-19 00:00:00+09:00,19476.560546875
2015-03-20 00:00:00+09:00,19560.220703125
2015-03-23 00:00:00+09:00,19754.359375
2015-03-24 00:00:00+09:00,19713.44921875
2015-03-25 00:00:00+09:00,19746.19921875
2015-03-26 00:00:00+09:00,19471.119140625
2015-03-27 00:00:00+09:00,19285.630859375
2015-03-30 00:00:00+09:00,19411.400390625
2015-03-31 00:00:00+09:00,19206.990234375
2015-04-01 00:00:00+09:00,19034.83984375
2015-04-02 00:00:00+09:00,19312.7890625
2015-04-03 00:00:00+09:00,19435.080078125
2015-04-06 00:00:00+09:00,19397.98046875
2015-04-07 00:00:00+09:00,19640.5390625
2015-04-08 00:00:00+09:00,19789.810546875
2015-04-09 00:00:00+09:00,19937.720703125
2015-04-10 00:00:00+09:00,19907.630859375
2015-04-13 00:00:00+09:00,19905.4609375
2015-04-14 00:00:00+09:00,19908.6796875
2015-04-15 00:00:00+09:00,19869.759765625
2015-04-16 00:00:00+09:00,19885.76953125
2015-04-17 00:00:00+09:00,19652.880859375
2015-04-20 00:00:00+09:00,19634.490234375
2015-04-21 00:00:00+09:00,19909.08984375
2015-04-22 00:00:00+09:00,20133.900390625
2015-04-23 00:00:00+09:00,20187.650390625
2015-04-24 00:00:00+09:00,20020.0390625
2015-04-27 00:00:00+09:00,19983.3203125
2015-04-28 00:00:00+09:00,20058.94921875
2015-04-30 00:00:00+09:00,19520.009765625
2015-05-01 00:00:00+09:00,19531.630859375
2015-05-07 00:00:00+09:00,19291.990234375
2015-05-08 00:00:00+09:00,19379.189453125
2015-05-11 00:00:00+09:00,19620.91015625
2015-05-12 00:00:00+09:00,19624.83984375
2015-05-13 00:00:00+09:00,19764.720703125
2015-05-14 00:00:00+09:00,19570.240234375
2015-05-15 00:00:00+09:00,19732.919921875
2015-05-18 00:00:00+09:00,19890.26953125
2015-05-19 00:00:00+09:00,20026.380859375
2015-05-20 00:00:00+09:00,20196.560546875
2015-05-21 00:00:00+09:00,20202.869140625
2015-05-22 00:00:00+09:00,20264.41015625
2015-05-25 00:00:00+09:00,20413.76953125
2015-05-26 00:00:00+09:00,20437.48046875
2015-05-27 00:00:00+09:00,20472.580078125
2015-05-28 00:00:00+09:00,20551.4609375
2015-05-29 00:00:00+09:00,20563.150390625
2015-06-01 00:00:00+09:00,20569.869140625
2015-06-02 00:00:00+09:00,20543.189453125
2015-06-03 00:00:00+09:00,20473.509765625
2015-06-04 00:00:00+09:00,20488.189453125
2015-06-05 00:00:00+09:00,20460.900390625
2015-06-08 00:00:00+09:00,20457.189453125
2015-06-09 00:00:00+09:00,20096.30078125
2015-06-10 00:00:00+09:00,20046.359375
2015-06-11 00:00:00+09:00,20382.970703125
2015-06-12 00:00:00+09:00,20407.080078125
2015-06-15 00:00:00+09:00,20387.7890625
2015-06-16 00:00:00+09:00,20257.939453125
2015-06-17 00:00:00+09:00,20219.26953125
2015-06-18 00:00:00+09:00,19990.8203125
2015-06-19 00:00:00+09:00,20174.240234375
2015-06-22 00:00:00+09:00,20428.189453125
2015-06-23 00:00:00+09:00,20809.419921875
2015-06-24 00:00:00+09:00,20868.029296875
2015-06-25 00:00:00+09:00,20771.400390625
2015-06-26 00:00:00+09:00,20706.150390625
2015-06-29 00:00:00+09:00,20109.94921875
2015-06-30 00:00:00+09:00,20235.73046875
2015-07-01 00:00:00+09:00,20329.3203125
2015-07-02 00:00:00+09:00,20522.5
2015-07-03 00:00:00+09:00,20539.7890625
2015-07-06 00:00:00+09:00,20112.119140625
2015-07-07 00:00:00+09:00,20376.58984375
2015-07-08 00:00:00+09:00,19737.640625
2015-07-09 00:00:00+09:00,19855.5
2015-07-10 00:00:00+09:00,19779.830078125
2015-07-13 00:00:00+09:00,20089.76953125
2015-07-14 00:00:00+09:00,20385.330078125
2015-07-15 00:00:00+09:00,20463.330078125
2015-07-16 00:00:00+09:00,20600.119140625
2015-07-17 00:00:00+09:00,20650.919921875
2015-07-21 00:00:00+09:00,20841.970703125
2015-07-22 00:00:00+09:00,20593.669921875
2015-07-23 00:00:00+09:00,20683.94921875
2015-07-24 00:00:00+09:00,20544.529296875
2015-07-27 00:00:00+09:00,20350.099609375
2015-07-28 00:00:00+09:00,20328.890625
2015-07-29 00:00:00+09:00,20302.91015625
2015-07-30 00:00:00+09:00,20522.830078125
2015-07-31 00:00:00+09:00,20585.240234375
2015-08-03 00:00:00+09:00,20548.109375
2015-08-04 00:00:00+09:00,20520.359375
2015-08-05 00:00:00+09:00,20614.060546875
2015-08-06 00:00:00+09:00,20664.439453125
2015-08-07 00:00:00+09:00,20724.560546875
2015-08-10 00:00:00+09:00,20808.689453125
2015-08-11 00:00:00+09:00,20720.75
2015-08-12 00:00:00+09:00,20392.76953125
2015-08-13 00:00:00+09:00,20595.55078125
2015-08-14 00:00:00+09:00,20519.44921875
2015-08-17 00:00:00+09:00,20620.259765625
2015-08-18 00:00:00+09:00,20554.470703125
2015-08-19 00:00:00+09:00,20222.630859375
2015-08-20 00:00:00+09:00,20033.51953125
2015-08-21 00:00:00+09:00,19435.830078125
2015-08-24 00:00:00+09:00,18540.6796875
2015-08-25 00:00:00+09:00,17806.69921875
2015-08-26 00:00:00+09:00,18376.830078125
2015-08-27 00:00:00+09:00,18574.439453125
2015-08-28 00:00:00+09:00,19136.3203125
2015-08-31 00:00:00+09:00,18890.48046875
2015-09-01 00:00:00+09:00,18165.689453125
2015-09-02 00:00:00+09:00,18095.400390625
2015-09-03 00:00:00+09:00,18182.390625
2015-09-04 00:00:00+09:00,17792.16015625
2015-09-07 00:00:00+09:00,17860.470703125
2015-09-08 00:00:00+09:00,17427.080078125
2015-09-09 00:00:00+09:00,18770.509765625
2015-09-10 00:00:00+09:00,18299.619140625
2015-09-11 00:00:00+09:00,18264.220703125
2015-09-14 00:00:00+09:00,17965.69921875
2015-09-15 00:00:00+09:00,18026.48046875
2015-09-16 00:00:00+09:00,18171.599609375
2015-09-17 00:00:00+09:00,18432.26953125
2015-09-18 00:00:00+09:00,18070.2109375
2015-09-24 00:00:00+09:00,17571.830078125
2015-09-25 00:00:00+09:00,17880.509765625
2015-09-28 00:00:00+09:00,17645.109375
2015-09-29 00:00:00+09:00,16930.83984375
2015-09-30 00:00:00+09:00,17388.150390625
2015-10-01 00:00:00+09:00,17722.419921875
2015-10-02 00:00:00+09:00,17725.130859375
2015-10-05 00:00:00+09:00,18005.490234375
2015-10-06 00:00:00+09:00,18186.099609375
2015-10-07 00:00:00+09:00,18322.98046875
2015-10-08 00:00:00+09:00,18141.169921875
2015-10-09 00:00:00+09:00,18438.669921875
2015-10-13 00:00:00+09:00,18234.740234375
2015-10-14 00:00:00+09:00,17891.0
2015-10-15 00:00:00+09:00,18096.900390625
2015-10-16 00:00:00+09:00,18291.80078125
2015-10-19 00:00:00+09:00,18131.23046875
2015-10-20 00:00:00+09:00,18207.150390625
2015-10-21 00:00:00+09:00,18554.279296875
2015-10-22 00:00:00+09:00,18435.869140625
2015-10-23 00:00:00+09:00,18825.30078125
2015-10-26 00:00:00+09:00,18947.119140625
2015-10-27 00:00:00+09:00,18777.0390625
2015-10-28 00:00:00+09:00,18903.01953125
2015-10-29 00:00:00+09:00,18935.7109375
2015-10-30 00:00:00+09:00,19083.099609375
2015-11-02 00:00:00+09:00,18683.240234375
2015-11-04 00:00:00+09:00,18926.91015625
2015-11-05 00:00:00+09:00,19116.41015625
2015-11-06 00:00:00+09:00,19265.599609375
2015-11-09 00:00:00+09:00,19642.740234375
2015-11-10 00:00:00+09:00,19671.259765625
2015-11-11 00:00:00+09:00,19691.390625
2015-11-12 00:00:00+09:00,19697.76953125
2015-11-13 00:00:00+09:00,19596.91015625
2015-11-16 00:00:00+09:00,19393.689453125
2015-11-17 00:00:00+09:00,19630.630859375
2015-11-18 00:00:00+09:00,19649.1796875
2015-11-19 00:00:00+09:00,19859.810546875
2015-11-20 00:00:00+09:00,19879.810546875
2015-11-24 00:00:00+09:00,19924.890625
2015-11-25 00:00:00+09:00,19847.580078125
2015-11-26 00:00:00+09:00,19944.41015625
2015-11-27 00:00:00+09:00,19883.939453125
2015-11-30 00:00:00+09:00,19747.470703125
2015-12-01 00:00:00+09:00,20012.400390625
2015-12-02 00:00:00+09:00,19938.130859375
2015-12-03 00:00:00+09:00,19939.900390625
2015-12-04 00:00:00+09:00,19504.48046875
2015-12-07 00:00:00+09:00,19698.150390625
2015-12-08 00:00:00+09:00,19492.599609375
2015-12-09 00:00:00+09:00,19301.0703125
2015-12-10 00:00:00+09:00,19046.55078125
2015-12-11 00:00:00+09:00,19230.48046875
2015-12-14 00:00:00+09:00,18883.419921875
2015-12-15 00:00:00+09:00,18565.900390625
2015-12-16 00:00:00+09:00,19049.91015625
2015-12-17 00:00:00+09:00,19353.560546875
2015-12-18 00:00:00+09:00,18986.80078125
2015-12-21 00:00:00+09:00,18916.01953125
2015-12-22 00:00:00+09:00,18886.69921875
2015-12-24 00:00:00+09:00,18789.689453125
2015-12-25 00:00:00+09:00,18769.060546875
2015-12-28 00:00:00+09:00,18873.349609375
2015-12-29 00:00:00+09:00,18982.23046875
2015-12-30 00:00:00+09:00,19033.7109375
2016-01-04 00:00:00+09:00,18450.98046875
2016-01-05 00:00:00+09:00,18374.0
2016-01-06 00:00:00+09:00,18191.3203125
2016-01-07 00:00:00+09:00,17767.33984375
2016-01-08 00:00:00+09:00,17697.9609375
2016-01-12 00:00:00+09:00,17218.9609375
2016-01-13 00:00:00+09:00,17715.630859375
2016-01-14 00:00:00+09:00,17240.94921875
2016-01-15 00:00:00+09:00,17147.109375
2016-01-18 00:00:00+09:00,16955.5703125
2016-01-19 00:00:00+09:00,17048.369140625
2016-01-20 00:00:00+09:00,16416.189453125
2016-01-21 00:00:00+09:00,16017.259765625
2016-01-22 00:00:00+09:00,16958.529296875
2016-01-25 00:00:00+09:00,17110.91015625
2016-01-26 00:00:00+09:00,16708.900390625
2016-01-27 00:00:00+09:00,17163.919921875
2016-01-28 00:00:00+09:00,17041.44921875
2016-01-29 00:00:00+09:00,17518.30078125
2016-02-01 00:00:00+09:00,17865.23046875
2016-02-02 00:00:00+09:00,17750.6796875
2016-02-03 00:00:00+09:00,17191.25
2016-02-04 00:00:00+09:00,17044.990234375
2016-02-05 00:00:00+09:00,16819.58984375
2016-02-08 00:00:00+09:00,17004.30078125
2016-02-09 00:00:00+09:00,16085.4404296875
2016-02-10 00:00:00+09:00,15713.3896484375
2016-02-12 00:00:00+09:00,14952.6103515625
2016-02-15 00:00:00+09:00,16022.580078125
2016-02-16 00:00:00+09:00,16054.4296875
2016-02-17 00:00:00+09:00,15836.3603515625
2016-02-18 00:00:00+09:00,16196.7998046875
2016-02-19 00:00:00+09:00,15967.169921875
2016-02-22 00:00:00+09:00,16111.0498046875
2016-02-23 00:00:00+09:00,16052.0498046875
2016-02-24 00:00:00+09:00,15915.7900390625
2016-02-25 00:00:00+09:00,16140.33984375
2016-02-26 00:00:00+09:00,16188.41015625
2016-02-29 00:00:00+09:00,16026.759765625
2016-03-01 00:00:00+09:00,16085.509765625
2016-03-02 00:00:00+09:00,16746.55078125
2016-03-03 00:00:00+09:00,16960.16015625
2016-03-04 00:00:00+09:00,17014.779296875
2016-03-07 00:00:00+09:00,16911.3203125
2016-03-08 00:00:00+09:00,16783.150390625
2016-03-09 00:00:00+09:00,16642.19921875
2016-03-10 00:00:00+09:00,16852.349609375
2016-03-11 00:00:00+09:00,16938.869140625
2016-03-14 00:00:00+09:00,17233.75
2016-03-15 00:00:00+09:00,17117.0703125
2016-03-16 00:00:00+09:00,16974.44921875
2016-03-17 00:00:00+09:00,16936.380859375
2016-03-18 00:00:00+09:00,16724.810546875
2016-03-22 00:00:00+09:00,17048.55078125
2016-03-23 00:00:00+09:00,17000.98046875
2016-03-24 00:00:00+09:00,16892.330078125
2016-03-25 00:00:00+09:00,17002.75
2016-03-28 00:00:00+09:00,17134.369140625
2016-03-29 00:00:00+09:00,17103.529296875
2016-03-30 00:00:00+09:00,16878.9609375
2016-03-31 00:00:00+09:00,16758.669921875
2016-04-01 00:00:00+09:00,16164.16015625
2016-04-04 00:00:00+09:00,16123.26953125
2016-04-05 00:00:00+09:00,15732.8203125
2016-04-06 00:00:00+09:00,15715.3603515625
2016-04-07 00:00:00+09:00,15749.83984375
2016-04-08 00:00:00+09:00,15821.51953125
2016-04-11 00:00:00+09:00,15751.1298828125
2016-04-12 00:00:00+09:00,15928.7900390625
2016-04-13 00:00:00+09:00,16381.2197265625
2016-04-14 00:00:00+09:00,16911.05078125
2016-04-15 00:00:00+09:00,16848.029296875
2016-04-18 00:00:00+09:00,16275.9501953125
2016-04-19 00:00:00+09:00,16874.439453125
2016-04-20 00:00:00+09:00,16906.5390625
2016-04-21 00:00:00+09:00,17363.619140625
2016-04-22 00:00:00+09:00,17572.490234375
2016-04-25 00:00:00+09:00,17439.30078125
2016-04-26 00:00:00+09:00,17353.279296875
2016-04-27 00:00:00+09:00,17290.490234375
2016-04-28 00:00:00+09:00,16666.05078125
2016-05-02 00:00:00+09:00,16147.3798828125
2016-05-06 00:00:00+09:00,16106.7197265625
2016-05-09 00:00:00+09:00,16216.0302734375
2016-05-10 00:00:00+09:00,16565.189453125
2016-05-11 00:00:00+09:00,16579.009765625
2016-05-12 00:00:00+09:00,16646.33984375
2016-05-13 00:00:00+09:00,16412.2109375
2016-05-16 00:00:00+09:00,16466.400390625
2016-05-17 00:00:00+09:00,16652.80078125
2016-05-18 00:00:00+09:00,16644.689453125
2016-05-19 00:00:00+09:00,16646.66015625
2016-05-20 00:00:00+09:00,16736.349609375
2016-05-23 00:00:00+09:00,16654.599609375
2016-05-24 00:00:00+09:00,16498.759765625
2016-05-25 00:00:00+09:00,16757.349609375
2016-05-26 00:00:00+09:00,16772.4609375
2016-05-27 00:00:00+09:00,16834.83984375
2016-05-30 00:00:00+09:00,17068.01953125
2016-05-31 00:00:00+09:00,17234.98046875
2016-06-01 00:00:00+09:00,16955.73046875
2016-06-02 00:00:00+09:00,16562.55078125
2016-06-03 00:00:00+09:00,16642.23046875
2016-06-06 00:00:00+09:00,16580.029296875
2016-06-07 00:00:00+09:00,16675.44921875
2016-06-08 00:00:00+09:00,16830.919921875
2016-06-09 00:00:00+09:00,16668.41015625
2016-06-10 00:00:00+09:00,16601.359375
2016-06-13 00:00:00+09:00,16019.1796875
2016-06-14 00:00:00+09:00,15859.0
2016-06-15 00:00:00+09:00,15919.580078125
2016-06-16 00:00:00+09:00,15434.1396484375
2016-06-17 00:00:00+09:00,15599.66015625
2016-06-20 00:00:00+09:00,15965.2998046875
2016-06-21 00:00:00+09:00,16169.1103515625
2016-06-22 00:00:00+09:00,16065.7197265625
2016-06-23 00:00:00+09:00,16238.349609375
2016-06-24 00:00:00+09:00,14952.01953125
2016-06-27 00:00:00+09:00,15309.2099609375
2016-06-28 00:00:00+09:00,15323.1396484375
2016-06-29 00:00:00+09:00,15566.830078125
2016-06-30 00:00:00+09:00,15575.919921875
2016-07-01 00:00:00+09:00,15682.48046875
2016-07-04 00:00:00+09:00,15775.7998046875
2016-07-05 00:00:00+09:00,15669.330078125
2016-07-06 00:00:00+09:00,15378.990234375
2016-07-07 00:00:00+09:00,15276.240234375
2016-07-08 00:00:00+09:00,15106.98046875
2016-07-11 00:00:00+09:00,15708.8203125
2016-07-12 00:00:00+09:00,16095.650390625
2016-07-13 00:00:00+09:00,16231.4296875
2016-07-14 00:00:00+09:00,16385.890625
2016-07-15 00:00:00+09:00,16497.849609375
2016-07-19 00:00:00+09:00,16723.310546875
2016-07-20 00:00:00+09:00,16681.890625
2016-07-21 00:00:00+09:00,16810.220703125
2016-07-22 00:00:00+09:00,16627.25
2016-07-25 00:00:00+09:00,16620.2890625
2016-07-26 00:00:00+09:00,16383.0400390625
2016-07-27 00:00:00+09:00,16664.8203125
2016-07-28 00:00:00+09:00,16476.83984375
2016-07-29 00:00:00+09:00,16569.26953125
2016-08-01 00:00:00+09:00,16635.76953125
2016-08-02 00:00:00+09:00,16391.44921875
2016-08-03 00:00:00+09:00,16083.1103515625
2016-08-04 00:00:00+09:00,16254.8896484375
2016-08-05 00:00:00+09:00,16254.4501953125
2016-08-08 00:00:00+09:00,16650.5703125
2016-08-09 00:00:00+09:00,16764.970703125
2016-08-10 00:00:00+09:00,16735.119140625
2016-08-12 00:00:00+09:00,16919.919921875
2016-08-15 00:00:00+09:00,16869.560546875
2016-08-16 00:00:00+09:00,16596.509765625
2016-08-17 00:00:00+09:00,16745.640625
2016-08-18 00:00:00+09:00,16486.009765625
2016-08-19 00:00:00+09:00,16545.8203125
2016-08-22 00:00:00+09:00,16598.189453125
2016-08-23 00:00:00+09:00,16497.359375
2016-08-24 00:00:00+09:00,16597.30078125
2016-08-25 00:00:00+09:00,16555.94921875
2016-08-26 00:00:00+09:00,16360.7099609375
2016-08-29 00:00:00+09:00,16737.490234375
2016-08-30 00:00:00+09:00,16725.359375
2016-08-31 00:00:00+09:00,16887.400390625
2016-09-01 00:00:00+09:00,16926.83984375
2016-09-02 00:00:00+09:00,16925.6796875
2016-09-05 00:00:00+09:00,17037.630859375
2016-09-06 00:00:00+09:00,17081.98046875
2016-09-07 00:00:00+09:00,17012.439453125
2016-09-08 00:00:00+09:00,16958.76953125
2016-09-09 00:00:00+09:00,16965.759765625
2016-09-12 00:00:00+09:00,16672.919921875
2016-09-13 00:00:00+09:00,16729.0390625
2016-09-14 00:00:00+09:00,16614.240234375
2016-09-15 00:00:00+09:00,16405.009765625
2016-09-16 00:00:00+09:00,16519.2890625
2016-09-20 00:00:00+09:00,16492.150390625
2016-09-21 00:00:00+09:00,16807.619140625
2016-09-23 00:00:00+09:00,16754.01953125
2016-09-26 00:00:00+09:00,16544.560546875
2016-09-27 00:00:00+09:00,16683.9296875
2016-09-28 00:00:00+09:00,16465.400390625
2016-09-29 00:00:00+09:00,16693.7109375
2016-09-30 00:00:00+09:00,16449.83984375
2016-10-03 00:00:00+09:00,16598.669921875
2016-10-04 00:00:00+09:00,16735.650390625
2016-10-05 00:00:00+09:00,16819.240234375
2016-10-06 00:00:00+09:00,16899.099609375
2016-10-07 00:00:00+09:00,16860.08984375
2016-10-11 00:00:00+09:00,17024.759765625
2016-10-12 00:00:00+09:00,16840.0
2016-10-13 00:00:00+09:00,16774.240234375
2016-10-14 00:00:00+09:00,16856.369140625
2016-10-17 00:00:00+09:00,16900.119140625
2016-10-18 00:00:00+09:00,16963.609375
2016-10-19 00:00:00+09:00,16998.91015625
2016-10-20 00:00:00+09:00,17235.5
2016-10-21 00:00:00+09:00,17184.58984375
2016-10-24 00:00:00+09:00,17234.419921875
2016-10-25 00:00:00+09:00,17365.25
2016-10-26 00:00:00+09:00,17391.83984375
2016-10-27 00:00:00+09:00,17336.419921875
2016-10-28 00:00:00+09:00,17446.41015625
2016-10-31 00:00:00+09:00,17425.01953125
2016-11-01 00:00:00+09:00,17442.400390625
2016-11-02 00:00:00+09:00,17134.6796875
2016-11-04 00:00:00+09:00,16905.359375
2016-11-07 00:00:00+09:00,17177.2109375
2016-11-08 00:00:00+09:00,17171.380859375
2016-11-09 00:00:00+09:00,16251.5400390625
2016-11-10 00:00:00+09:00,17344.419921875
2016-11-11 00:00:00+09:00,17374.7890625
2016-11-14 00:00:00+09:00,17672.619140625
2016-11-15 00:00:00+09:00,17668.150390625
2016-11-16 00:00:00+09:00,17862.2109375
2016-11-17 00:00:00+09:00,17862.630859375
2016-11-18 00:00:00+09:00,17967.41015625
2016-11-21 00:00:00+09:00,18106.01953125
2016-11-22 00:00:00+09:00,18162.939453125
2016-11-24 00:00:00+09:00,18333.41015625
2016-11-25 00:00:00+09:00,18381.220703125
2016-11-28 00:00:00+09:00,18356.890625
2016-11-29 00:00:00+09:00,18307.0390625
2016-11-30 00:00:00+09:00,18308.48046875
2016-12-01 00:00:00+09:00,18513.119140625
2016-12-02 00:00:00+09:00,18426.080078125
2016-12-05 00:00:00+09:00,18274.990234375
2016-12-06 00:00:00+09:00,18360.5390625
2016-12-07 00:00:00+09:00,18496.689453125
2016-12-08 00:00:00+09:00,18765.470703125
2016-12-09 00:00:00+09:00,18996.369140625
2016-12-12 00:00:00+09:00,19155.029296875
2016-12-13 00:00:00+09:00,19250.51953125
2016-12-14 00:00:00+09:00,19253.609375
2016-12-15 00:00:00+09:00,19273.7890625
2016-12-16 00:00:00+09:00,19401.150390625
2016-12-19 00:00:00+09:00,19391.599609375
2016-12-20 00:00:00+09:00,19494.529296875
2016-12-21 00:00:00+09:00,19444.490234375
2016-12-22 00:00:00+09:00,19427.669921875
2016-12-26 00:00:00+09:00,19396.640625
2016-12-27 00:00:00+09:00,19403.060546875
2016-12-28 00:00:00+09:00,19401.720703125
2016-12-29 00:00:00+09:00,19145.140625
2016-12-30 00:00:00+09:00,19114.369140625
2017-01-04 00:00:00+09:00,19594.16015625
2017-01-05 00:00:00+09:00,19520.689453125
2017-01-06 00:00:00+09:00,19454.330078125
2017-01-10 00:00:00+09:00,19301.439453125
2017-01-11 00:00:00+09:00,19364.669921875
2017-01-12 00:00:00+09:00,19134.69921875
2017-01-13 00:00:00+09:00,19287.279296875
2017-01-16 00:00:00+09:00,19095.240234375
2017-01-17 00:00:00+09:00,18813.529296875
2017-01-18 00:00:00+09:00,18894.369140625
2017-01-19 00:00:00+09:00,19072.25
2017-01-20 00:00:00+09:00,19137.91015625
2017-01-23 00:00:00+09:00,18891.029296875
2017-01-24 00:00:00+09:00,18787.990234375
2017-01-25 00:00:00+09:00,19057.5
2017-01-26 00:00:00+09:00,19402.390625
2017-01-27 00:00:00+09:00,19467.400390625
2017-01-30 00:00:00+09:00,19368.849609375
2017-01-31 00:00:00+09:00,19041.33984375
2017-02-01 00:00:00+09:00,19148.080078125
2017-02-02 00:00:00+09:00,18914.580078125
2017-02-03 00:00:00+09:00,18918.19921875
2017-02-06 00:00:00+09:00,18976.7109375
2017-02-07 00:00:00+09:00,18910.779296875
2017-02-08 00:00:00+09:00,19007.599609375
2017-02-09 00:00:00+09:00,18907.669921875
2017-02-10 00:00:00+09:00,19378.9296875
2017-02-13 00:00:00+09:00,19459.150390625
2017-02-14 00:00:00+09:00,19238.98046875
2017-02-15 00:00:00+09:00,19437.98046875
2017-02-16 00:00:00+09:00,19347.529296875
2017-02-17 00:00:00+09:00,19234.619140625
2017-02-20 00:00:00+09:00,19251.080078125
2017-02-21 00:00:00+09:00,19381.439453125
2017-02-22 00:00:00+09:00,19379.869140625
2017-02-23 00:00:00+09:00,19371.4609375
2017-02-24 00:00:00+09:00,19283.5390625
2017-02-27 00:00:00+09:00,19107.470703125
2017-02-28 00:00:00+09:00,19118.990234375
2017-03-01 00:00:00+09:00,19393.5390625
2017-03-02 00:00:00+09:00,19564.80078125
2017-03-03 00:00:00+09:00,19469.169921875
2017-03-06 00:00:00+09:00,19379.140625
2017-03-07 00:00:00+09:00,19344.150390625
2017-03-08 00:00:00+09:00,19254.029296875
2017-03-09 00:00:00+09:00,19318.580078125
2017-03-10 00:00:00+09:00,19604.609375
2017-03-13 00:00:00+09:00,19633.75
2017-03-14 00:00:00+09:00,19609.5
2017-03-15 00:00:00+09:00,19577.380859375
2017-03-16 00:00:00+09:00,19590.140625
2017-03-17 00:00:00+09:00,19521.58984375
2017-03-21 00:00:00+09:00,19455.880859375
2017-03-22 00:00:00+09:00,19041.380859375
2017-03-23 00:00:00+09:00,19085.310546875
2017-03-24 00:00:00+09:00,19262.529296875
2017-03-27 00:00:00+09:00,18985.58984375
2017-03-28 00:00:00+09:00,19202.869140625
2017-03-29 00:00:00+09:00,19217.48046875
2017-03-30 00:00:00+09:00,19063.220703125
2017-03-31 00:00:00+09:00,18909.259765625
2017-04-03 00:00:00+09:00,18983.23046875
2017-04-04 00:00:00+09:00,18810.25
2017-04-05 00:00:00+09:00,18861.26953125
2017-04-06 00:00:00+09:00,18597.060546875
2017-04-07 00:00:00+09:00,18664.630859375
2017-04-10 00:00:00+09:00,18797.880859375
2017-04-11 00:00:00+09:00,18747.869140625
2017-04-12 00:00:00+09:00,18552.609375
2017-04-13 00:00:00+09:00,18426.83984375
2017-04-14 00:00:00+09:00,18335.630859375
2017-04-17 00:00:00+09:00,18355.259765625
2017-04-18 00:00:00+09:00,18418.58984375
2017-04-19 00:00:00+09:00,18432.19921875
2017-04-20 00:00:00+09:00,18430.490234375
2017-04-21 00:00:00+09:00,18620.75
2017-04-24 00:00:00+09:00,18875.880859375
2017-04-25 00:00:00+09:00,19079.330078125
2017-04-26 00:00:00+09:00,19289.4296875
2017-04-27 00:00:00+09:00,19251.869140625
2017-04-28 00:00:00+09:00,19196.740234375
2017-05-01 00:00:00+09:00,19310.51953125
2017-05-02 00:00:00+09:00,19445.69921875
2017-05-08 00:00:00+09:00,19895.69921875
2017-05-09 00:00:00+09:00,19843.0
2017-05-10 00:00:00+09:00,19900.08984375
2017-05-11 00:00:00+09:00,19961.55078125
2017-05-12 00:00:00+09:00,19883.900390625
2017-05-15 00:00:00+09:00,19869.849609375
2017-05-16 00:00:00+09:00,19919.8203125
2017-05-17 00:00:00+09:00,19814.880859375
2017-05-18 00:00:00+09:00,19553.859375
2017-05-19 00:00:00+09:00,19590.759765625
2017-05-22 00:00:00+09:00,19678.279296875
2017-05-23 00:00:00+09:00,19613.279296875
2017-05-24 00:00:00+09:00,19742.98046875
2017-05-25 00:00:00+09:00,19813.130859375
2017-05-26 00:00:00+09:00,19686.83984375
2017-05-29 00:00:00+09:00,19682.5703125
2017-05-30 00:00:00+09:00,19677.849609375
2017-05-31 00:00:00+09:00,19650.5703125
2017-06-01 00:00:00+09:00,19860.029296875
2017-06-02 00:00:00+09:00,20177.279296875
2017-06-05 00:00:00+09:00,20170.8203125
2017-06-06 00:00:00+09:00,19979.900390625
2017-06-07 00:00:00+09:00,19984.619140625
2017-06-08 00:00:00+09:00,19909.259765625
2017-06-09 00:00:00+09:00,20013.259765625
2017-06-12 00:00:00+09:00,19908.580078125
2017-06-13 00:00:00+09:00,19898.75
2017-06-14 00:00:00+09:00,19883.51953125
2017-06-15 00:00:00+09:00,19831.8203125
2017-06-16 00:00:00+09:00,19943.259765625
2017-06-19 00:00:00+09:00,20067.75
2017-06-20 00:00:00+09:00,20230.41015625
2017-06-21 00:00:00+09:00,20138.7890625
2017-06-22 00:00:00+09:00,20110.509765625
2017-06-23 00:00:00+09:00,20132.669921875
2017-06-26 00:00:00+09:00,20153.349609375
2017-06-27 00:00:00+09:00,20225.08984375
2017-06-28 00:00:00+09:00,20130.41015625
2017-06-29 00:00:00+09:00,20220.30078125
2017-06-30 00:00:00+09:00,20033.4296875
2017-07-03 00:00:00+09:00,20055.80078125
2017-07-04 00:00:00+09:00,20032.349609375
2017-07-05 00:00:00+09:00,20081.630859375
2017-07-06 00:00:00+09:00,19994.060546875
2017-07-07 00:00:00+09:00,19929.08984375
2017-07-10 00:00:00+09:00,20080.98046875
2017-07-11 00:00:00+09:00,20195.48046875
2017-07-12 00:00:00+09:00,20098.380859375
2017-07-13 00:00:00+09:00,20099.810546875
2017-07-14 00:00:00+09:00,20118.859375
2017-07-18 00:00:00+09:00,19999.91015625
2017-07-19 00:00:00+09:00,20020.859375
2017-07-20 00:00:00+09:00,20144.58984375
2017-07-21 00:00:00+09:00,20099.75
2017-07-24 00:00:00+09:00,19975.669921875
2017-07-25 00:00:00+09:00,19955.19921875
2017-07-26 00:00:00+09:00,20050.16015625
2017-07-27 00:00:00+09:00,20079.640625
2017-07-28 00:00:00+09:00,19959.83984375
2017-07-31 00:00:00+09:00,19925.1796875
2017-08-01 00:00:00+09:00,19985.7890625
2017-08-02 00:00:00+09:00,20080.0390625
2017-08-03 00:00:00+09:00,20029.259765625
2017-08-04 00:00:00+09:00,19952.330078125
2017-08-07 00:00:00+09:00,20055.890625
2017-08-08 00:00:00+09:00,19996.009765625
2017-08-09 00:00:00+09:00,19738.7109375
2017-08-10 00:00:00+09:00,19729.740234375
2017-08-14 00:00:00+09:00,19537.099609375
2017-08-15 00:00:00+09:00,19753.310546875
2017-08-16 00:00:00+09:00,19729.279296875
2017-08-17 00:00:00+09:00,19702.630859375
2017-08-18 00:00:00+09:00,19470.41015625
2017-08-21 00:00:00+09:00,19393.130859375
2017-08-22 00:00:00+09:00,19383.83984375
2017-08-23 00:00:00+09:00,19434.640625
2017-08-24 00:00:00+09:00,19353.76953125
2017-08-25 00:00:00+09:00,19452.609375
2017-08-28 00:00:00+09:00,19449.900390625
2017-08-29 00:00:00+09:00,19362.55078125
2017-08-30 00:00:00+09:00,19506.5390625
2017-08-31 00:00:00+09:00,19646.240234375
2017-09-01 00:00:00+09:00,19691.470703125
2017-09-04 00:00:00+09:00,19508.25
2017-09-05 00:00:00+09:00,19385.810546875
2017-09-06 00:00:00+09:00,19357.970703125
2017-09-07 00:00:00+09:00,19396.51953125
2017-09-08 00:00:00+09:00,19274.8203125
2017-09-11 00:00:00+09:00,19545.76953125
2017-09-12 00:00:00+09:00,19776.619140625
2017-09-13 00:00:00+09:00,19865.8203125
2017-09-14 00:00:00+09:00,19807.439453125
2017-09-15 00:00:00+09:00,19909.5
2017-09-19 00:00:00+09:00,20299.380859375
2017-09-20 00:00:00+09:00,20310.4609375
2017-09-21 00:00:00+09:00,20347.48046875
2017-09-22 00:00:00+09:00,20296.44921875
2017-09-25 00:00:00+09:00,20397.580078125
2017-09-26 00:00:00+09:00,20330.189453125
2017-09-27 00:00:00+09:00,20267.05078125
2017-09-28 00:00:00+09:00,20363.109375
2017-09-29 00:00:00+09:00,20356.279296875
2017-10-02 00:00:00+09:00,20400.779296875
2017-10-03 00:00:00+09:00,20614.0703125
2017-10-04 00:00:00+09:00,20626.66015625
2017-10-05 00:00:00+09:00,20628.560546875
2017-10-06 00:00:00+09:00,20690.7109375
2017-10-10 00:00:00+09:00,20823.509765625
2017-10-11 00:00:00+09:00,20881.26953125
2017-10-12 00:00:00+09:00,20954.720703125
2017-10-13 00:00:00+09:00,21155.1796875
2017-10-16 00:00:00+09:00,21255.560546875
2017-10-17 00:00:00+09:00,21336.119140625
2017-10-18 00:00:00+09:00,21363.05078125
2017-10-19 00:00:00+09:00,21448.51953125
2017-10-20 00:00:00+09:00,21457.640625
2017-10-23 00:00:00+09:00,21696.650390625
2017-10-24 00:00:00+09:00,21805.169921875
2017-10-25 00:00:00+09:00,21707.619140625
2017-10-26 00:00:00+09:00,21739.779296875
2017-10-27 00:00:00+09:00,22008.44921875
2017-10-30 00:00:00+09:00,22011.669921875
2017-10-31 00:00:00+09:00,22011.609375
2017-11-01 00:00:00+09:00,22420.080078125
2017-11-02 00:00:00+09:00,22539.119140625
2017-11-06 00:00:00+09:00,22548.349609375
2017-11-07 00:00:00+09:00,22937.599609375
2017-11-08 00:00:00+09:00,22913.8203125
2017-11-09 00:00:00+09:00,22868.7109375
2017-11-10 00:00:00+09:00,22681.419921875
2017-11-13 00:00:00+09:00,22380.990234375
2017-11-14 00:00:00+09:00,22380.009765625
2017-11-15 00:00:00+09:00,22028.3203125
2017-11-16 00:00:00+09:00,22351.119140625
2017-11-17 00:00:00+09:00,22396.80078125
2017-11-20 00:00:00+09:00,22261.759765625
2017-11-21 00:00:00+09:00,22416.48046875
2017-11-22 00:00:00+09:00,22523.150390625
2017-11-24 00:00:00+09:00,22550.849609375
2017-11-27 00:00:00+09:00,22495.990234375
2017-11-28 00:00:00+09:00,22486.240234375
2017-11-29 00:00:00+09:00,22597.19921875
2017-11-30 00:00:00+09:00,22724.9609375
2017-12-01 00:00:00+09:00,22819.029296875
2017-12-04 00:00:00+09:00,22707.16015625
2017-12-05 00:00:00+09:00,22622.380859375
2017-12-06 00:00:00+09:00,22177.0390625
2017-12-07 00:00:00+09:00,22498.029296875
2017-12-08 00:00:00+09:00,22811.080078125
2017-12-11 00:00:00+09:00,22938.73046875
2017-12-12 00:00:00+09:00,22866.169921875
2017-12-13 00:00:00+09:00,22758.0703125
2017-12-14 00:00:00+09:00,22694.44921875
2017-12-15 00:00:00+09:00,22553.220703125
2017-12-18 00:00:00+09:00,22901.76953125
2017-12-19 00:00:00+09:00,22868.0
2017-12-20 00:00:00+09:00,22891.720703125
2017-12-21 00:00:00+09:00,22866.099609375
2017-12-22 00:00:00+09:00,22902.759765625
2017-12-25 00:00:00+09:00,22939.1796875
2017-12-26 00:00:00+09:00,22892.689453125
2017-12-27 00:00:00+09:00,22911.2109375
2017-12-28 00:00:00+09:00,22783.98046875
2017-12-29 00:00:00+09:00,22764.939453125
2018-01-04 00:00:00+09:00,23506.330078125
2018-01-05 00:00:00+09:00,23714.529296875
2018-01-09 00:00:00+09:00,23849.990234375
2018-01-10 00:00:00+09:00,23788.19921875
2018-01-11 00:00:00+09:00,23710.4296875
2018-01-12 00:00:00+09:00,23653.8203125
2018-01-15 00:00:00+09:00,23714.880859375
2018-01-16 00:00:00+09:00,23951.810546875
2018-01-17 00:00:00+09:00,23868.33984375
2018-01-18 00:00:00+09:00,23763.369140625
2018-01-19 00:00:00+09:00,23808.060546875
2018-01-22 00:00:00+09:00,23816.330078125
2018-01-23 00:00:00+09:00,24124.150390625
2018-01-24 00:00:00+09:00,23940.779296875
2018-01-25 00:00:00+09:00,23669.490234375
2018-01-26 00:00:00+09:00,23631.880859375
2018-01-29 00:00:00+09:00,23629.33984375
2018-01-30 00:00:00+09:00,23291.970703125
2018-01-31 00:00:00+09:00,23098.2890625
2018-02-01 00:00:00+09:00,23486.109375
2018-02-02 00:00:00+09:00,23274.529296875
2018-02-05 00:00:00+09:00,22682.080078125
2018-02-06 00:00:00+09:00,21610.240234375
2018-02-07 00:00:00+09:00,21645.369140625
2018-02-08 00:00:00+09:00,21890.859375
2018-02-09 00:00:00+09:00,21382.619140625
2018-02-13 00:00:00+09:00,21244.6796875
2018-02-14 00:00:00+09:00,21154.169921875
2018-02-15 00:00:00+09:00,21464.98046875
2018-02-16 00:00:00+09:00,21720.25
2018-02-19 00:00:00+09:00,22149.2109375
2018-02-20 00:00:00+09:00,21925.099609375
2018-02-21 00:00:00+09:00,21970.810546875
2018-02-22 00:00:00+09:00,21736.439453125
2018-02-23 00:00:00+09:00,21892.779296875
2018-02-26 00:00:00+09:00,22153.630859375
2018-02-27 00:00:00+09:00,22389.859375
2018-02-28 00:00:00+09:00,22068.240234375
2018-03-01 00:00:00+09:00,21724.470703125
2018-03-02 00:00:00+09:00,21181.640625
2018-03-05 00:00:00+09:00,21042.08984375
2018-03-06 00:00:00+09:00,21417.759765625
2018-03-07 00:00:00+09:00,21252.720703125
2018-03-08 00:00:00+09:00,21368.0703125
2018-03-09 00:00:00+09:00,21469.19921875
2018-03-12 00:00:00+09:00,21824.029296875
2018-03-13 00:00:00+09:00,21968.099609375
2018-03-14 00:00:00+09:00,21777.2890625
2018-03-15 00:00:00+09:00,21803.94921875
2018-03-16 00:00:00+09:00,21676.509765625
2018-03-19 00:00:00+09:00,21480.900390625
2018-03-20 00:00:00+09:00,21380.970703125
2018-03-22 00:00:00+09:00,21591.990234375
2018-03-23 00:00:00+09:00,20617.859375
2018-03-26 00:00:00+09:00,20766.099609375
2018-03-27 00:00:00+09:00,21317.3203125
2018-03-28 00:00:00+09:00,21031.310546875
2018-03-29 00:00:00+09:00,21159.080078125
2018-03-30 00:00:00+09:00,21454.30078125
2018-04-02 00:00:00+09:00,21388.580078125
2018-04-03 00:00:00+09:00,21292.2890625
2018-04-04 00:00:00+09:00,21319.55078125
2018-04-05 00:00:00+09:00,21645.419921875
2018-04-06 00:00:00+09:00,21567.51953125
2018-04-09 00:00:00+09:00,21678.259765625
2018-04-10 00:00:00+09:00,21794.3203125
2018-04-11 00:00:00+09:00,21687.099609375
2018-04-12 00:00:00+09:00,21660.279296875
2018-04-13 00:00:00+09:00,21778.740234375
2018-04-16 00:00:00+09:00,21835.529296875
2018-04-17 00:00:00+09:00,21847.58984375
2018-04-18 00:00:00+09:00,22158.19921875
2018-04-19 00:00:00+09:00,22191.1796875
2018-04-20 00:00:00+09:00,22162.240234375
2018-04-23 00:00:00+09:00,22088.0390625
2018-04-24 00:00:00+09:00,22278.119140625
2018-04-25 00:00:00+09:00,22215.3203125
2018-04-26 00:00:00+09:00,22319.609375
2018-04-27 00:00:00+09:00,22467.869140625
2018-05-01 00:00:00+09:00,22508.029296875
2018-05-02 00:00:00+09:00,22472.779296875
2018-05-07 00:00:00+09:00,22467.16015625
2018-05-08 00:00:00+09:00,22508.689453125
2018-05-09 00:00:00+09:00,22408.880859375
2018-05-10 00:00:00+09:00,22497.1796875
2018-05-11 00:00:00+09:00,22758.48046875
2018-05-14 00:00:00+09:00,22865.859375
2018-05-15 00:00:00+09:00,22818.01953125
2018-05-16 00:00:00+09:00,22717.23046875
2018-05-17 00:00:00+09:00,22838.369140625
2018-05-18 00:00:00+09:00,22930.359375
2018-05-21 00:00:00+09:00,23002.369140625
2018-05-22 00:00:00+09:00,22960.33984375
2018-05-23 00:00:00+09:00,22689.740234375
2018-05-24 00:00:00+09:00,22437.009765625
2018-05-25 00:00:00+09:00,22450.7890625
2018-05-28 00:00:00+09:00,22481.08984375
2018-05-29 00:00:00+09:00,22358.4296875
2018-05-30 00:00:00+09:00,22018.51953125
2018-05-31 00:00:00+09:00,22201.8203125
2018-06-01 00:00:00+09:00,22171.349609375
2018-06-04 00:00:00+09:00,22475.939453125
2018-06-05 00:00:00+09:00,22539.5390625
2018-06-06 00:00:00+09:00,22625.73046875
2018-06-07 00:00:00+09:00,22823.259765625
2018-06-08 00:00:00+09:00,22694.5
2018-06-11 00:00:00+09:00,22804.0390625
2018-06-12 00:00:00+09:00,22878.349609375
2018-06-13 00:00:00+09:00,22966.380859375
2018-06-14 00:00:00+09:00,22738.609375
2018-06-15 00:00:00+09:00,22851.75
2018-06-18 00:00:00+09:00,22680.330078125
2018-06-19 00:00:00+09:00,22278.48046875
2018-06-20 00:00:00+09:00,22555.4296875
2018-06-21 00:00:00+09:00,22693.0390625
2018-06-22 00:00:00+09:00,22516.830078125
2018-06-25 00:00:00+09:00,22338.150390625
2018-06-26 00:00:00+09:00,22342.0
2018-06-27 00:00:00+09:00,22271.76953125
2018-06-28 00:00:00+09:00,22270.390625
2018-06-29 00:00:00+09:00,22304.509765625
2018-07-02 00:00:00+09:00,21811.9296875
2018-07-03 00:00:00+09:00,21785.5390625
2018-07-04 00:00:00+09:00,21717.0390625
2018-07-05 00:00:00+09:00,21546.990234375
2018-07-06 00:00:00+09:00,21788.140625
2018-07-09 00:00:00+09:00,22052.1796875
2018-07-10 00:00:00+09:00,22196.890625
2018-07-11 00:00:00+09:00,21932.2109375
2018-07-12 00:00:00+09:00,22187.9609375
2018-07-13 00:00:00+09:00,22597.349609375
2018-07-16 00:00:00+09:00,22597.349609375
2018-07-17 00:00:00+09:00,22697.359375
2018-07-18 00:00:00+09:00,22794.189453125
2018-07-19 00:00:00+09:00,22764.6796875
2018-07-20 00:00:00+09:00,22697.880859375
2018-07-23 00:00:00+09:00,22396.990234375
2018-07-24 00:00:00+09:00,22510.48046875
2018-07-25 00:00:00+09:00,22614.25
2018-07-26 00:00:00+09:00,22586.869140625
2018-07-27 00:00:00+09:00,22712.75
2018-07-30 00:00:00+09:00,22544.83984375
2018-07-31 00:00:00+09:00,22553.720703125
2018-08-01 00:00:00+09:00,22746.69921875
2018-08-02 00:00:00+09:00,22512.529296875
2018-08-03 00:00:00+09:00,22525.1796875
2018-08-06 00:00:00+09:00,22507.3203125
2018-08-07 00:00:00+09:00,22662.740234375
2018-08-08 00:00:00+09:00,22644.310546875
2018-08-09 00:00:00+09:00,22598.390625
2018-08-10 00:00:00+09:00,22298.080078125
2018-08-13 00:00:00+09:00,21857.4296875
2018-08-14 00:00:00+09:00,22356.080078125
2018-08-15 00:00:00+09:00,22204.220703125
2018-08-16 00:00:00+09:00,22192.0390625
2018-08-17 00:00:00+09:00,22270.380859375
2018-08-20 00:00:00+09:00,22199.0
2018-08-21 00:00:00+09:00,22219.73046875
2018-08-22 00:00:00+09:00,22362.55078125
2018-08-23 00:00:00+09:00,22410.8203125
2018-08-24 00:00:00+09:00,22601.76953125
2018-08-27 00:00:00+09:00,22799.640625
2018-08-28 00:00:00+09:00,22813.470703125
2018-08-29 00:00:00+09:00,22848.220703125
2018-08-30 00:00:00+09:00,22869.5
2018-08-31 00:00:00+09:00,22865.150390625
2018-09-03 00:00:00+09:00,22707.380859375
2018-09-04 00:00:00+09:00,22696.900390625
2018-09-05 00:00:00+09:00,22580.830078125
2018-09-06 00:00:00+09:00,22487.939453125
2018-09-07 00:00:00+09:00,22307.060546875
2018-09-10 00:00:00+09:00,22373.08984375
2018-09-11 00:00:00+09:00,22664.689453125
2018-09-12 00:00:00+09:00,22604.609375
2018-09-13 00:00:00+09:00,22821.3203125
2018-09-14 00:00:00+09:00,23094.669921875
2018-09-18 00:00:00+09:00,23420.5390625
2018-09-19 00:00:00+09:00,23672.51953125
2018-09-20 00:00:00+09:00,23674.9296875
2018-09-21 00:00:00+09:00,23869.9296875
2018-09-25 00:00:00+09:00,23940.259765625
2018-09-26 00:00:00+09:00,24033.7890625
2018-09-27 00:00:00+09:00,23796.740234375
2018-09-28 00:00:00+09:00,24120.0390625
2018-10-01 00:00:00+09:00,24245.759765625
2018-10-02 00:00:00+09:00,24270.619140625
2018-10-03 00:00:00+09:00,24110.9609375
2018-10-04 00:00:00+09:00,23975.619140625
2018-10-05 00:00:00+09:00,23783.720703125
2018-10-09 00:00:00+09:00,23469.390625
2018-10-10 00:00:00+09:00,23506.0390625
2018-10-11 00:00:00+09:00,22590.859375
2018-10-12 00:00:00+09:00,22694.66015625
2018-10-15 00:00:00+09:00,22271.30078125
2018-10-16 00:00:00+09:00,22549.240234375
2018-10-17 00:00:00+09:00,22841.119140625
2018-10-18 00:00:00+09:00,22658.16015625
2018-10-19 00:00:00+09:00,22532.080078125
2018-10-22 00:00:00+09:00,22614.8203125
2018-10-23 00:00:00+09:00,22010.779296875
2018-10-24 00:00:00+09:00,22091.1796875
2018-10-25 00:00:00+09:00,21268.73046875
2018-10-26 00:00:00+09:00,21184.599609375
2018-10-29 00:00:00+09:00,21149.80078125
2018-10-30 00:00:00+09:00,21457.2890625
2018-10-31 00:00:00+09:00,21920.4609375
2018-11-01 00:00:00+09:00,21687.650390625
2018-11-02 00:00:00+09:00,22243.66015625
2018-11-05 00:00:00+09:00,21898.990234375
2018-11-06 00:00:00+09:00,22147.75
2018-11-07 00:00:00+09:00,22085.80078125
2018-11-08 00:00:00+09:00,22486.919921875
2018-11-09 00:00:00+09:00,22250.25
2018-11-12 00:00:00+09:00,22269.880859375
2018-11-13 00:00:00+09:00,21810.51953125
2018-11-14 00:00:00+09:00,21846.48046875
2018-11-15 00:00:00+09:00,21803.619140625
2018-11-16 00:00:00+09:00,21680.33984375
2018-11-19 00:00:00+09:00,21821.16015625
2018-11-20 00:00:00+09:00,21583.119140625
2018-11-21 00:00:00+09:00,21507.5390625
2018-11-22 00:00:00+09:00,21646.55078125
2018-11-26 00:00:00+09:00,21812.0
2018-11-27 00:00:00+09:00,21952.400390625
2018-11-28 00:00:00+09:00,22177.01953125
2018-11-29 00:00:00+09:00,22262.599609375
2018-11-30 00:00:00+09:00,22351.060546875
2018-12-03 00:00:00+09:00,22574.759765625
2018-12-04 00:00:00+09:00,22036.05078125
2018-12-05 00:00:00+09:00,21919.330078125
2018-12-06 00:00:00+09:00,21501.619140625
2018-12-07 00:00:00+09:00,21678.6796875
2018-12-10 00:00:00+09:00,21219.5
2018-12-11 00:00:00+09:00,21148.01953125
2018-12-12 00:00:00+09:00,21602.75
2018-12-13 00:00:00+09:00,21816.189453125
2018-12-14 00:00:00+09:00,21374.830078125
2018-12-17 00:00:00+09:00,21506.880859375
2018-12-18 00:00:00+09:00,21115.44921875
2018-12-19 00:00:00+09:00,20987.919921875
2018-12-20 00:00:00+09:00,20392.580078125
2018-12-21 00:00:00+09:00,20166.189453125
2018-12-25 00:00:00+09:00,19155.740234375
2018-12-26 00:00:00+09:00,19327.060546875
2018-12-27 00:00:00+09:00,20077.619140625
2018-12-28 00:00:00+09:00,20014.76953125
2019-01-04 00:00:00+09:00,19561.9609375
2019-01-07 00:00:00+09:00,20038.970703125
2019-01-08 00:00:00+09:00,20204.0390625
2019-01-09 00:00:00+09:00,20427.060546875
2019-01-10 00:00:00+09:00,20163.80078125
2019-01-11 00:00:00+09:00,20359.69921875
2019-01-15 00:00:00+09:00,20555.2890625
2019-01-16 00:00:00+09:00,20442.75
2019-01-17 00:00:00+09:00,20402.26953125
2019-01-18 00:00:00+09:00,20666.0703125
2019-01-21 00:00:00+09:00,20719.330078125
2019-01-22 00:00:00+09:00,20622.91015625
2019-01-23 00:00:00+09:00,20593.720703125
2019-01-24 00:00:00+09:00,20574.630859375
2019-01-25 00:00:00+09:00,20773.560546875
2019-01-28 00:00:00+09:00,20649.0
2019-01-29 00:00:00+09:00,20664.640625
2019-01-30 00:00:00+09:00,20556.5390625
2019-01-31 00:00:00+09:00,20773.490234375
2019-02-01 00:00:00+09:00,20788.390625
2019-02-04 00:00:00+09:00,20883.76953125
2019-02-05 00:00:00+09:00,20844.44921875
2019-02-06 00:00:00+09:00,20874.060546875
2019-02-07 00:00:00+09:00,20751.279296875
2019-02-08 00:00:00+09:00,20333.169921875
2019-02-12 00:00:00+09:00,20864.2109375
2019-02-13 00:00:00+09:00,21144.48046875
2019-02-14 00:00:00+09:00,21139.7109375
2019-02-15 00:00:00+09:00,20900.630859375
2019-02-18 00:00:00+09:00,21281.849609375
2019-02-19 00:00:00+09:00,21302.650390625
2019-02-20 00:00:00+09:00,21431.490234375
2019-02-21 00:00:00+09:00,21464.23046875
2019-02-22 00:00:00+09:00,21425.509765625
2019-02-25 00:00:00+09:00,21528.23046875
2019-02-26 00:00:00+09:00,21449.390625
2019-02-27 00:00:00+09:00,21556.509765625
2019-02-28 00:00:00+09:00,21385.16015625
2019-03-01 00:00:00+09:00,21602.689453125
2019-03-04 00:00:00+09:00,21822.0390625
2019-03-05 00:00:00+09:00,21726.279296875
2019-03-06 00:00:00+09:00,21596.810546875
2019-03-07 00:00:00+09:00,21456.009765625
2019-03-08 00:00:00+09:00,21025.560546875
2019-03-11 00:00:00+09:00,21125.08984375
2019-03-12 00:00:00+09:00,21503.689453125
2019-03-13 00:00:00+09:00,21290.240234375
2019-03-14 00:00:00+09:00,21287.01953125
2019-03-15 00:00:00+09:00,21450.849609375
2019-03-18 00:00:00+09:00,21584.5
2019-03-19 00:00:00+09:00,21566.849609375
2019-03-20 00:00:00+09:00,21608.919921875
2019-03-22 00:00:00+09:00,21627.33984375
2019-03-25 00:00:00+09:00,20977.109375
2019-03-26 00:00:00+09:00,21428.390625
2019-03-27 00:00:00+09:00,21378.73046875
2019-03-28 00:00:00+09:00,21033.759765625
2019-03-29 00:00:00+09:00,21205.810546875
2019-04-01 00:00:00+09:00,21509.029296875
2019-04-02 00:00:00+09:00,21505.310546875
2019-04-03 00:00:00+09:00,21713.2109375
2019-04-04 00:00:00+09:00,21724.94921875
2019-04-05 00:00:00+09:00,21807.5
2019-04-08 00:00:00+09:00,21761.650390625
2019-04-09 00:00:00+09:00,21802.58984375
2019-04-10 00:00:00+09:00,21687.5703125
2019-04-11 00:00:00+09:00,21711.380859375
2019-04-12 00:00:00+09:00,21870.560546875
2019-04-15 00:00:00+09:00,22169.109375
2019-04-16 00:00:00+09:00,22221.66015625
2019-04-17 00:00:00+09:00,22277.970703125
2019-04-18 00:00:00+09:00,22090.119140625
2019-04-19 00:00:00+09:00,22200.560546875
2019-04-22 00:00:00+09:00,22217.900390625
2019-04-23 00:00:00+09:00,22259.740234375
2019-04-24 00:00:00+09:00,22200.0
2019-04-25 00:00:00+09:00,22307.580078125
2019-04-26 00:00:00+09:00,22258.73046875
2019-05-07 00:00:00+09:00,21923.720703125
2019-05-08 00:00:00+09:00,21602.58984375
2019-05-09 00:00:00+09:00,21402.130859375
2019-05-10 00:00:00+09:00,21344.919921875
2019-05-13 00:00:00+09:00,21191.279296875
2019-05-14 00:00:00+09:00,21067.23046875
2019-05-15 00:00:00+09:00,21188.560546875
2019-05-16 00:00:00+09:00,21062.98046875
2019-05-17 00:00:00+09:00,21250.08984375
2019-05-20 00:00:00+09:00,21301.73046875
2019-05-21 00:00:00+09:00,21272.44921875
2019-05-22 00:00:00+09:00,21283.369140625
2019-05-23 00:00:00+09:00,21151.140625
2019-05-24 00:00:00+09:00,21117.220703125
2019-05-27 00:00:00+09:00,21182.580078125
2019-05-28 00:00:00+09:00,21260.140625
2019-05-29 00:00:00+09:00,21003.369140625
2019-05-30 00:00:00+09:00,20942.529296875
2019-05-31 00:00:00+09:00,20601.189453125
2019-06-03 00:00:00+09:00,20410.880859375
2019-06-04 00:00:00+09:00,20408.5390625
2019-06-05 00:00:00+09:00,20776.099609375
2019-06-06 00:00:00+09:00,20774.0390625
2019-06-07 00:00:00+09:00,20884.7109375
2019-06-10 00:00:00+09:00,21134.419921875
2019-06-11 00:00:00+09:00,21204.279296875
2019-06-12 00:00:00+09:00,21129.720703125
2019-06-13 00:00:00+09:00,21032.0
2019-06-14 00:00:00+09:00,21116.890625
2019-06-17 00:00:00+09:00,21124.0
2019-06-18 00:00:00+09:00,20972.7109375
2019-06-19 00:00:00+09:00,21333.869140625
2019-06-20 00:00:00+09:00,21462.859375
2019-06-21 00:00:00+09:00,21258.640625
2019-06-24 00:00:00+09:00,21285.990234375
2019-06-25 00:00:00+09:00,21193.810546875
2019-06-26 00:00:00+09:00,21086.58984375
2019-06-27 00:00:00+09:00,21338.169921875
2019-06-28 00:00:00+09:00,21275.919921875
2019-07-01 00:00:00+09:00,21729.970703125
2019-07-02 00:00:00+09:00,21754.26953125
2019-07-03 00:00:00+09:00,21638.16015625
2019-07-04 00:00:00+09:00,21702.44921875
2019-07-05 00:00:00+09:00,21746.380859375
2019-07-08 00:00:00+09:00,21534.349609375
2019-07-09 00:00:00+09:00,21565.150390625
2019-07-10 00:00:00+09:00,21533.48046875
2019-07-11 00:00:00+09:00,21643.529296875
2019-07-12 00:00:00+09:00,21685.900390625
2019-07-16 00:00:00+09:00,21535.25
2019-07-17 00:00:00+09:00,21469.1796875
2019-07-18 00:00:00+09:00,21046.240234375
2019-07-19 00:00:00+09:00,21466.990234375
2019-07-22 00:00:00+09:00,21416.7890625
2019-07-23 00:00:00+09:00,21620.880859375
2019-07-24 00:00:00+09:00,21709.5703125
2019-07-25 00:00:00+09:00,21756.55078125
2019-07-26 00:00:00+09:00,21658.150390625
2019-07-29 00:00:00+09:00,21616.80078125
2019-07-30 00:00:00+09:00,21709.310546875
2019-07-31 00:00:00+09:00,21521.529296875
2019-08-01 00:00:00+09:00,21540.990234375
2019-08-02 00:00:00+09:00,21087.16015625
2019-08-05 00:00:00+09:00,20720.2890625
2019-08-06 00:00:00+09:00,20585.310546875
2019-08-07 00:00:00+09:00,20516.560546875
2019-08-08 00:00:00+09:00,20593.349609375
2019-08-09 00:00:00+09:00,20684.8203125
2019-08-13 00:00:00+09:00,20455.439453125
2019-08-14 00:00:00+09:00,20655.130859375
2019-08-15 00:00:00+09:00,20405.650390625
2019-08-16 00:00:00+09:00,20418.810546875
2019-08-19 00:00:00+09:00,20563.16015625
2019-08-20 00:00:00+09:00,20677.220703125
2019-08-21 00:00:00+09:00,20618.5703125
2019-08-22 00:00:00+09:00,20628.009765625
2019-08-23 00:00:00+09:00,20710.91015625
2019-08-26 00:00:00+09:00,20261.0390625
2019-08-27 00:00:00+09:00,20456.080078125
2019-08-28 00:00:00+09:00,20479.419921875
2019-08-29 00:00:00+09:00,20460.9296875
2019-08-30 00:00:00+09:00,20704.369140625
2019-09-02 00:00:00+09:00,20620.189453125
2019-09-03 00:00:00+09:00,20625.16015625
2019-09-04 00:00:00+09:00,20649.140625
2019-09-05 00:00:00+09:00,21085.939453125
2019-09-06 00:00:00+09:00,21199.5703125
2019-09-09 00:00:00+09:00,21318.419921875
2019-09-10 00:00:00+09:00,21392.099609375
2019-09-11 00:00:00+09:00,21597.759765625
2019-09-12 00:00:00+09:00,21759.609375
2019-09-13 00:00:00+09:00,21988.2890625
2019-09-17 00:00:00+09:00,22001.3203125
2019-09-18 00:00:00+09:00,21960.7109375
2019-09-19 00:00:00+09:00,22044.44921875
2019-09-20 00:00:00+09:00,22079.08984375
2019-09-24 00:00:00+09:00,22098.83984375
2019-09-25 00:00:00+09:00,22020.150390625
2019-09-26 00:00:00+09:00,22048.240234375
2019-09-27 00:00:00+09:00,21878.900390625
2019-09-30 00:00:00+09:00,21755.83984375
2019-10-01 00:00:00+09:00,21885.240234375
2019-10-02 00:00:00+09:00,21778.609375
2019-10-03 00:00:00+09:00,21341.740234375
2019-10-04 00:00:00+09:00,21410.19921875
2019-10-07 00:00:00+09:00,21375.25
2019-10-08 00:00:00+09:00,21587.779296875
2019-10-09 00:00:00+09:00,21456.380859375
2019-10-10 00:00:00+09:00,21551.98046875
2019-10-11 00:00:00+09:00,21798.869140625
2019-10-15 00:00:00+09:00,22207.2109375
2019-10-16 00:00:00+09:00,22472.919921875
2019-10-17 00:00:00+09:00,22451.859375
2019-10-18 00:00:00+09:00,22492.6796875
2019-10-21 00:00:00+09:00,22548.900390625
2019-10-23 00:00:00+09:00,22625.380859375
2019-10-24 00:00:00+09:00,22750.599609375
2019-10-25 00:00:00+09:00,22799.810546875
2019-10-28 00:00:00+09:00,22867.26953125
2019-10-29 00:00:00+09:00,22974.130859375
